Workbook

Sheet Public land
C1: 1863 | L1: 1864 | U1: 1865 | AD1: 1866 | AM1: 1867 | AV1: 1868 | BE1: 1869 | BN1: 1870 | BW1: 1871 | CF1: 1872 | CO1: 1873 | CX1: 1874 | DG1: 1875 | DP1: 1876 | DY1: 1877 | EH1: 1878 | EQ1: 1879 | EZ1: 1880 | FI1: 1881 | FR1: 1882 | GA1: 1883 | GJ1: 1884 | GS1: 1885 | HB1: 1886 | HK1: 1887 | HT1: 1888 | IC1: 1889 | IL1: 1890 | IU1: 1891 | JD1: 1892 | JM1: 1893 | JV1: 1894 | KE1: 1895 | KN1: 1896 | KW1: 1897 | LF1: 1898 | LO1: 1899 | LX1: 1900 | MG1: 1901 | MP1: 1902 | MY1: 1903 | NH1: 1904 | NQ1: 1905 | NZ1: 1906 | OI1: 1907 | OR1: 1908 | PA1: 1909 | PJ1: 1910 | PS1: 1911 | QB1: 1912
A2: land office | B2: state | C2: claims (no.) | D2: claims (acres) | E2: patents (no.) | F2: patents (acres) | G2: commutations sec 2301 (no.) | H2: commutations sec 2301 (acres) | I2: commutations june 15, 1880 (no.) | J2: commutations june 15, 1880 (acres) | K2: commutations sec 2301 ($) | L2: claims (no.) | M2: claims (acres) | N2: patents (no.) | O2: patents (acres) | P2: commutations sec 2301 (no.) | Q2: commutations sec 2301 (acres) | R2: commutations june 15, 1880 (no.) | S2: commutations june 15, 1880 (acres) | T2: commutations sec 2301 ($) | U2: claims (no.) | V2: claims (acres) | W2: patents (no.) | X2: patents (acres) | Y2: commutations sec 2301 (no.) | Z2: commutations sec 2301 (acres) | AA2: commutations june 15, 1880 (no.) | AB2: commutations june 15, 1880 (acres) | AC2: commutations sec 2301 ($) | AD2: claims (no.) | AE2: claims (acres) | AF2: patents (no.) | AG2: patents (acres) | AH2: commutations sec 2301 (no.) | AI2: commutations sec 2301 (acres) | AJ2: commutations june 15, 1880 (no.) | AK2: commutations june 15, 1880 (acres) | AL2: commutations sec 2301 ($) | AM2: claims (no.) | AN2: claims (acres) | AO2: patents (no.) | AP2: patents (acres) | AQ2: commutations sec 2301 (no.) | AR2: commutations sec 2301 (acres) | AS2: commutations june 15, 1880 (no.) | AT2: commutations june 15, 1880 (acres) | AU2: commutations sec 2301 ($) | AV2: claims (no.) | AW2: claims (acres) | AX2: patents (no.) | AY2: patents (acres) | AZ2: commutations sec 2301 (no.) | BA2: commutations sec 2301 (acres) | BB2: commutations june 15, 1880 (no.) | BC2: commutations june 15, 1880 (acres) | BD2: commutations sec 2301 ($) | BE2: claims (no.) | BF2: claims (acres) | BG2: patents (no.) | BH2: patents (acres) | BI2: commutations sec 2301 (no.) | BJ2: commutations sec 2301 (acres) | BK2: commutations june 15, 1880 (no.) | BL2: commutations june 15, 1880 (acres) | BM2: commutations sec 2301 ($) | BN2: claims (no.) | BO2: claims (acres) | BP2: patents (no.) | BQ2: patents (acres) | BR2: commutations sec 2301 (no.) | BS2: commutations sec 2301 (acres) | BT2: commutations june 15, 1880 (no.) | BU2: commutations june 15, 1880 (acres) | BV2: commutations sec 2301 ($) | BW2: claims (no.) | BX2: claims (acres) | BY2: patents (no.) | BZ2: patents (acres) | CA2: commutations sec 2301 (no.) | CB2: commutations sec 2301 (acres) | CC2: commutations june 15, 1880 (no.) | CD2: commutations june 15, 1880 (acres) | CE2: commutations sec 2301 ($) | CF2: claims (no.) | CG2: claims (acres) | CH2: patents (no.) | CI2: patents (acres) | CJ2: commutations sec 2301 (no.) | CK2: commutations sec 2301 (acres) | CL2: commutations june 15, 1880 (no.) | CM2: commutations june 15, 1880 (acres) | CN2: commutations sec 2301 ($) | CO2: claims (no.) | CP2: claims (acres) | CQ2: patents (no.) | CR2: patents (acres) | CS2: commutations sec 2301 (no.) | CT2: commutations sec 2301 (acres) | CU2: commutations june 15, 1880 (no.) | CV2: commutations june 15, 1880 (acres) | CW2: commutations sec 2301 ($) | CX2: claims (no.) | CY2: claims (acres) | CZ2: patents (no.) | DA2: patents (acres) | DB2: commutations sec 2301 (no.) | DC2: commutations sec 2301 (acres) | DD2: commutations june 15, 1880 (no.) | DE2: commutations june 15, 1880 (acres) | DF2: commutations sec 2301 ($) | DG2: claims (no.) | DH2: claims (acres) | DI2: patents (no.) | DJ2: patents (acres) | DK2: commutations sec 2301 (no.) | DL2: commutations sec 2301 (acres) | DM2: commutations june 15, 1880 (no.) | DN2: commutations june 15, 1880 (acres) | DO2: commutations sec 2301 ($) | DP2: claims (no.) | DQ2: claims (acres) | DR2: patents (no.) | DS2: patents (acres) | DT2: commutations sec 2301 (no.) | DU2: commutations sec 2301 (acres) | DV2: commutations june 15, 1880 (no.) | DW2: commutations june 15, 1880 (acres) | DX2: commutations sec 2301 ($) | DY2: claims (no.) | DZ2: claims (acres) | EA2: patents (no.) | EB2: patents (acres) | EC2: commutations sec 2301 (no.) | ED2: commutations sec 2301 (acres) | EE2: commutations june 15, 1880 (no.) | EF2: commutations june 15, 1880 (acres) | EG2: commutations sec 2301 ($) | EH2: claims (no.) | EI2: claims (acres) | EJ2: patents (no.) | EK2: patents (acres) | EL2: commutations sec 2301 (no.) | EM2: commutations sec 2301 (acres) | EN2: commutations june 15, 1880 (no.) | EO2: commutations june 15, 1880 (acres) | EP2: commutations sec 2301 ($) | EQ2: claims (no.) | ER2: claims (acres) | ES2: patents (no.) | ET2: patents (acres) | EU2: commutations sec 2301 (no.) | EV2: commutations sec 2301 (acres) | EW2: commutations june 15, 1880 (no.) | EX2: commutations june 15, 1880 (acres) | EY2: commutations sec 2301 ($) | EZ2: claims (no.) | FA2: claims (acres) | FB2: patents (no.) | FC2: patents (acres) | FD2: commutations sec 2301 (no.) | FE2: commutations sec 2301 (acres) | FF2: commutations june 15, 1880 (no.) | FG2: commutations june 15, 1880 (acres) | FH2: commutations sec 2301 ($) | FI2: claims (no.) | FJ2: claims (acres) | FK2: patents (no.) | FL2: patents (acres) | FM2: commutations sec 2301 (no.) | FN2: commutations sec 2301 (acres) | FO2: commutations june 15, 1880 (no.) | FP2: commutations june 15, 1880 (acres) | FQ2: commutations sec 2301 ($) | FR2: claims (no.) | FS2: claims (acres) | FT2: patents (no.) | FU2: patents (acres) | FV2: commutations sec 2301 (no.) | FW2: commutations sec 2301 (acres) | FX2: commutations june 15, 1880 (no.) | FY2: commutations june 15, 1880 (acres) | FZ2: commutations sec 2301 ($) | GA2: claims (no.) | GB2: claims (acres) | GC2: patents (no.) | GD2: patents (acres) | GE2: commutations sec 2301 (no.) | GF2: commutations sec 2301 (acres) | GG2: commutations june 15, 1880 (no.) | GH2: commutations june 15, 1880 (acres) | GI2: commutations sec 2301 ($) | GJ2: claims (no.) | GK2: claims (acres) | GL2: patents (no.) | GM2: patents (acres) | GN2: commutations sec 2301 (no.) | GO2: commutations sec 2301 (acres) | GP2: commutations june 15, 1880 (no.) | GQ2: commutations june 15, 1880 (acres) | GR2: commutations sec 2301 ($) | GS2: claims (no.) | GT2: claims (acres) | GU2: patents (no.) | GV2: patents (acres) | GW2: commutations sec 2301 (no.) | GX2: commutations sec 2301 (acres) | GY2: commutations june 15, 1880 (no.) | GZ2: commutations june 15, 1880 (acres) | HA2: commutations sec 2301 ($) | HB2: claims (no.) | HC2: claims (acres) | HD2: patents (no.) | HE2: patents (acres) | HF2: commutations sec 2301 (no.) | HG2: commutations sec 2301 (acres) | HH2: commutations june 15, 1880 (no.) | HI2: commutations june 15, 1880 (acres) | HJ2: commutations sec 2301 ($) | HK2: claims (no.) | HL2: claims (acres) | HM2: patents (no.) | HN2: patents (acres) | HO2: commutations sec 2301 (no.) | HP2: commutations sec 2301 (acres) | HQ2: commutations june 15, 1880 (no.) | HR2: commutations june 15, 1880 (acres) | HS2: commutations sec 2301 ($) | HT2: claims (no.) | HU2: claims (acres) | HV2: patents (no.) | HW2: patents (acres) | HX2: commutations sec 2301 (no.) | HY2: commutations sec 2301 (acres) | HZ2: commutations june 15, 1880 (no.) | IA2: commutations june 15, 1880 (acres) | IB2: commutations sec 2301 ($) | IC2: claims (no.) | ID2: claims (acres) | IE2: patents (no.) | IF2: patents (acres) | IG2: commutations sec 2301 (no.) | IH2: commutations sec 2301 (acres) | II2: commutations june 15, 1880 (no.) | IJ2: commutations june 15, 1880 (acres) | IK2: commutations sec 2301 ($) | IL2: claims (no.) | IM2: claims (acres) | IN2: patents (no.) | IO2: patents (acres) | IP2: commutations sec 2301 (no.) | IQ2: commutations sec 2301 (acres) | IR2: commutations june 15, 1880 (no.) | IS2: commutations june 15, 1880 (acres) | IT2: commutations sec 2301 ($) | IU2: claims (no.) | IV2: claims (acres) | IW2: patents (no.) | IX2: patents (acres) | IY2: commutations sec 2301 (no.) | IZ2: commutations sec 2301 (acres) | JA2: commutations june 15, 1880 (no.) | JB2: commutations june 15, 1880 (acres) | JC2: commutations sec 2301 ($) | JD2: claims (no.) | JE2: claims (acres) | JF2: patents (no.) | JG2: patents (acres) | JH2: commutations sec 2301 (no.) | JI2: commutations sec 2301 (acres) | JJ2: commutations june 15, 1880 (no.) | JK2: commutations june 15, 1880 (acres) | JL2: commutations sec 2301 ($) | JM2: claims (no.) | JN2: claims (acres) | JO2: patents (no.) | JP2: patents (acres) | JQ2: commutations sec 2301 (no.) | JR2: commutations sec 2301 (acres) | JS2: commutations june 15, 1880 (no.) | JT2: commutations june 15, 1880 (acres) | JU2: commutations sec 2301 ($) | JV2: claims (no.) | JW2: claims (acres) | JX2: patents (no.) | JY2: patents (acres) | JZ2: commutations sec 2301 (no.) | KA2: commutations sec 2301 (acres) | KB2: commutations june 15, 1880 (no.) | KC2: commutations june 15, 1880 (acres) | KD2: commutations sec 2301 ($) | KE2: claims (no.) | KF2: claims (acres) | KG2: patents (no.) | KH2: patents (acres) | KI2: commutations sec 2301 (no.) | KJ2: commutations sec 2301 (acres) | KK2: commutations june 15, 1880 (no.) | KL2: commutations june 15, 1880 (acres) | KM2: commutations sec 2301 ($) | KN2: claims (no.) | KO2: claims (acres) | KP2: patents (no.) | KQ2: patents (acres) | KR2: commutations sec 2301 (no.) | KS2: commutations sec 2301 (acres) | KT2: commutations june 15, 1880 (no.) | KU2: commutations june 15, 1880 (acres) | KV2: commutations sec 2301 ($) | KW2: claims (no.) | KX2: claims (acres) | KY2: patents (no.) | KZ2: patents (acres) | LA2: commutations sec 2301 (no.) | LB2: commutations sec 2301 (acres) | LC2: commutations june 15, 1880 (no.) | LD2: commutations june 15, 1880 (acres) | LE2: commutations sec 2301 ($) | LF2: claims (no.) | LG2: claims (acres) | LH2: patents (no.) | LI2: patents (acres) | LJ2: commutations sec 2301 (no.) | LK2: commutations sec 2301 (acres) | LL2: commutations june 15, 1880 (no.) | LM2: commutations june 15, 1880 (acres) | LN2: commutations sec 2301 ($) | LO2: claims (no.) | LP2: claims (acres) | LQ2: patents (no.) | LR2: patents (acres) | LS2: commutations sec 2301 (no.) | LT2: commutations sec 2301 (acres) | LU2: commutations june 15, 1880 (no.) | LV2: commutations june 15, 1880 (acres) | LW2: commutations sec 2301 ($) | LX2: claims (no.) | LY2: claims (acres) | LZ2: patents (no.) | MA2: patents (acres) | MB2: commutations sec 2301 (no.) | MC2: commutations sec 2301 (acres) | MD2: commutations june 15, 1880 (no.) | ME2: commutations june 15, 1880 (acres) | MF2: commutations sec 2301 ($) | MG2: claims (no.) | MH2: claims (acres) | MI2: patents (no.) | MJ2: patents (acres) | MK2: commutations sec 2301 (no.) | ML2: commutations sec 2301 (acres) | MM2: commutations june 15, 1880 (no.) | MN2: commutations june 15, 1880 (acres) | MO2: commutations sec 2301 ($) | MP2: claims (no.) | MQ2: claims (acres) | MR2: patents (no.) | MS2: patents (acres) | MT2: commutations sec 2301 (no.) | MU2: commutations sec 2301 (acres) | MV2: commutations june 15, 1880 (no.) | MW2: commutations june 15, 1880 (acres) | MX2: commutations sec 2301 ($) | MY2: claims (no.) | MZ2: claims (acres) | NA2: patents (no.) | NB2: patents (acres) | NC2: commutations sec 2301 (no.) | ND2: commutations sec 2301 (acres) | NE2: commutations june 15, 1880 (no.) | NF2: commutations june 15, 1880 (acres) | NG2: commutations sec 2301 ($) | NH2: claims (no.) | NI2: claims (acres) | NJ2: patents (no.) | NK2: patents (acres) | NL2: commutations sec 2301 (no.) | NM2: commutations sec 2301 (acres) | NN2: commutations june 15, 1880 (no.) | NO2: commutations june 15, 1880 (acres) | NP2: commutations sec 2301 ($) | NQ2: claims (no.) | NR2: claims (acres) | NS2: patents (no.) | NT2: patents (acres) | NU2: commutations sec 2301 (no.) | NV2: commutations sec 2301 (acres) | NW2: commutations june 15, 1880 (no.) | NX2: commutations june 15, 1880 (acres) | NY2: commutations sec 2301 ($) | NZ2: claims (no.) | OA2: claims (acres) | OB2: patents (no.) | OC2: patents (acres) | OD2: commutations sec 2301 (no.) | OE2: commutations sec 2301 (acres) | OF2: commutations june 15, 1880 (no.) | OG2: commutations june 15, 1880 (acres) | OH2: commutations sec 2301 ($) | OI2: claims (no.) | OJ2: claims (acres) | OK2: patents (no.) | OL2: patents (acres) | OM2: commutations sec 2301 (no.) | ON2: commutations sec 2301 (acres) | OO2: commutations june 15, 1880 (no.) | OP2: commutations june 15, 1880 (acres) | OQ2: commutations sec 2301 ($) | OR2: claims (no.) | OS2: claims (acres) | OT2: patents (no.) | OU2: patents (acres) | OV2: commutations sec 2301 (no.) | OW2: commutations sec 2301 (acres) | OX2: commutations june 15, 1880 (no.) | OY2: commutations june 15, 1880 (acres) | OZ2: commutations sec 2301 ($) | PA2: claims (no.) | PB2: claims (acres) | PC2: patents (no.) | PD2: patents (acres) | PE2: commutations sec 2301 (no.) | PF2: commutations sec 2301 (acres) | PG2: commutations june 15, 1880 (no.) | PH2: commutations june 15, 1880 (acres) | PI2: commutations sec 2301 ($) | PJ2: claims (no.) | PK2: claims (acres) | PL2: patents (no.) | PM2: patents (acres) | PN2: commutations sec 2301 (no.) | PO2: commutations sec 2301 (acres) | PP2: commutations june 15, 1880 (no.) | PQ2: commutations june 15, 1880 (acres) | PR2: commutations sec 2301 ($) | PS2: claims (no.) | PT2: claims (acres) | PU2: patents (no.) | PV2: patents (acres) | PW2: commutations sec 2301 (no.) | PX2: commutations sec 2301 (acres) | PY2: commutations june 15, 1880 (no.) | PZ2: commutations june 15, 1880 (acres) | QA2: commutations sec 2301 ($) | QB2: claims (no.) | QC2: claims (acres) | QD2: patents (no.) | QE2: patents (acres) | QF2: commutations sec 2301 (no.) | QG2: commutations sec 2301 (acres) | QH2: commutations june 15, 1880 (no.) | QI2: commutations june 15, 1880 (acres) | QJ2: commutations sec 2301 ($)
A3: Huntsville, AL | B3: Alabama | C3: =IFERROR(VLOOKUP($A3,'1863'!$A$3:$B$140,2,FALSE),"") | D3: =IFERROR(VLOOKUP($A3,'1863'!$A$3:$C$140,3,FALSE),"") | E3: =IFERROR(VLOOKUP($A3,'1863'!$A$3:$D$140,4,FALSE),"") | F3: =IFERROR(VLOOKUP($A3,'1863'!$A$3:$E$140,5,FALSE),"") | G3: =IFERROR(VLOOKUP($A3,'1863'!$A$3:$F$140,6,FALSE),"") | H3: =IFERROR(VLOOKUP($A3,'1863'!$A$3:$G$140,7,FALSE),"") | I3: =IFERROR(VLOOKUP($A3,'1863'!$A$3:$H$140,8,FALSE),"") | J3: =IFERROR(VLOOKUP($A3,'1863'!$A$3:$I$140,9,FALSE),"") | K3: =IFERROR(VLOOKUP($A3,'1863'!$A$3:$J$140,10,FALSE),"") | L3: =IFERROR(VLOOKUP($A3,'1864'!$A$3:$B$140,2,FALSE),"") | M3: =IFERROR(VLOOKUP($A3,'1864'!$A$3:$C$140,3,FALSE),"") | N3: =IFERROR(VLOOKUP($A3,'1864'!$A$3:$D$140,4,FALSE),"") | O3: =IFERROR(VLOOKUP($A3,'1864'!$A$3:$E$140,5,FALSE),"") | P3: =IFERROR(VLOOKUP($A3,'1864'!$A$3:$F$140,6,FALSE),"") | Q3: =IFERROR(VLOOKUP($A3,'1864'!$A$3:$G$140,7,FALSE),"") | R3: =IFERROR(VLOOKUP($A3,'1864'!$A$3:$H$140,8,FALSE),"") | S3: =IFERROR(VLOOKUP($A3,'1864'!$A$3:$I$140,9,FALSE),"") | T3: =IFERROR(VLOOKUP($A3,'1864'!$A$3:$J$140,10,FALSE),"") | U3: =IFERROR(VLOOKUP($A3,'1865'!$A$3:$B$140,2,FALSE),"") | V3: =IFERROR(VLOOKUP($A3,'1865'!$A$3:$C$140,3,FALSE),"") | W3: =IFERROR(VLOOKUP($A3,'1865'!$A$3:$D$140,4,FALSE),"") | X3: =IFERROR(VLOOKUP($A3,'1865'!$A$3:$E$140,5,FALSE),"") | Y3: =IFERROR(VLOOKUP($A3,'1865'!$A$3:$F$140,6,FALSE),"") | Z3: =IFERROR(VLOOKUP($A3,'1865'!$A$3:$G$140,7,FALSE),"") | AA3: =IFERROR(VLOOKUP($A3,'1865'!$A$3:$H$140,8,FALSE),"") | AB3: =IFERROR(VLOOKUP($A3,'1865'!$A$3:$I$140,9,FALSE),"") | AC3: =IFERROR(VLOOKUP($A3,'1865'!$A$3:$J$140,10,FALSE),"") | AD3: =IFERROR(VLOOKUP($A3,'1866'!$A$3:$B$140,2,FALSE),"") | AE3: =IFERROR(VLOOKUP($A3,'1866'!$A$3:$C$140,3,FALSE),"") | AF3: =IFERROR(VLOOKUP($A3,'1866'!$A$3:$D$140,4,FALSE),"") | AG3: =IFERROR(VLOOKUP($A3,'1866'!$A$3:$E$140,5,FALSE),"") | AH3: =IFERROR(VLOOKUP($A3,'1866'!$A$3:$F$140,6,FALSE),"") | AI3: =IFERROR(VLOOKUP($A3,'1866'!$A$3:$G$140,7,FALSE),"") | AJ3: =IFERROR(VLOOKUP($A3,'1866'!$A$3:$H$140,8,FALSE),"") | AK3: =IFERROR(VLOOKUP($A3,'1866'!$A$3:$I$140,9,FALSE),"") | AL3: =IFERROR(VLOOKUP($A3,'1866'!$A$3:$J$140,10,FALSE),"") | AM3: =IFERROR(VLOOKUP($A3,'1867'!$A$3:$B$140,2,FALSE),"") -> 569 | AN3: =IFERROR(VLOOKUP($A3,'1867'!$A$3:$C$140,3,FALSE),"") -> 43808.17 | AO3: =IFERROR(VLOOKUP($A3,'1867'!$A$3:$D$140,4,FALSE),"") -> 0 | AP3: =IFERROR(VLOOKUP($A3,'1867'!$A$3:$E$140,5,FALSE),"") -> 0 | AQ3: =IFERROR(VLOOKUP($A3,'1867'!$A$3:$F$140,6,FALSE),"") -> 0 | AR3: =IFERROR(VLOOKUP($A3,'1867'!$A$3:$G$140,7,FALSE),"") -> 0 | AS3: =IFERROR(VLOOKUP($A3,'1867'!$A$3:$H$140,8,FALSE),"") -> 0 | AT3: =IFERROR(VLOOKUP($A3,'1867'!$A$3:$I$140,9,FALSE),"") -> 0 | AU3: =IFERROR(VLOOKUP($A3,'1867'!$A$3:$J$140,10,FALSE),"") -> 0 | AV3: =IFERROR(VLOOKUP($A3,'1868'!$A$3:$B$140,2,FALSE),"") -> 1646 | AW3: =IFERROR(VLOOKUP($A3,'1868'!$A$3:$C$140,3,FALSE),"") -> 124085.24 | AX3: =IFERROR(VLOOKUP($A3,'1868'!$A$3:$D$140,4,FALSE),"") -> 0 | AY3: =IFERROR(VLOOKUP($A3,'1868'!$A$3:$E$140,5,FALSE),"") -> 0 | AZ3: =IFERROR(VLOOKUP($A3,'1868'!$A$3:$F$140,6,FALSE),"") -> 0 | BA3: =IFERROR(VLOOKUP($A3,'1868'!$A$3:$G$140,7,FALSE),"") -> 0 | BB3: =IFERROR(VLOOKUP($A3,'1868'!$A$3:$H$140,8,FALSE),"") -> 0 | BC3: =IFERROR(VLOOKUP($A3,'1868'!$A$3:$I$140,9,FALSE),"") -> 0 | BD3: =IFERROR(VLOOKUP($A3,'1868'!$A$3:$J$140,10,FALSE),"") -> 0 | BE3: =IFERROR(VLOOKUP($A3,'1869'!$A$3:$B$140,2,FALSE),"") -> 616 | BF3: =IFERROR(VLOOKUP($A3,'1869'!$A$3:$C$140,3,FALSE),"") -> 58357.13 | BG3: =IFERROR(VLOOKUP($A3,'1869'!$A$3:$D$140,4,FALSE),"") -> 0 | BH3: =IFERROR(VLOOKUP($A3,'1869'!$A$3:$E$140,5,FALSE),"") -> 0 | BI3: =IFERROR(VLOOKUP($A3,'1869'!$A$3:$F$140,6,FALSE),"") -> 0 | BJ3: =IFERROR(VLOOKUP($A3,'1869'!$A$3:$G$140,7,FALSE),"") -> 0 | BK3: =IFERROR(VLOOKUP($A3,'1869'!$A$3:$H$140,8,FALSE),"") -> 0 | BL3: =IFERROR(VLOOKUP($A3,'1869'!$A$3:$I$140,9,FALSE),"") -> 0 | BM3: =IFERROR(VLOOKUP($A3,'1869'!$A$3:$J$140,10,FALSE),"") -> 0 | BN3: =IFERROR(VLOOKUP($A3,'1870'!$A$3:$B$140,2,FALSE),"") -> 468 | BO3: =IFERROR(VLOOKUP($A3,'1870'!$A$3:$C$140,3,FALSE),"") -> 44330.35 | BP3: =IFERROR(VLOOKUP($A3,'1870'!$A$3:$D$140,4,FALSE),"") -> 0 | BQ3: =IFERROR(VLOOKUP($A3,'1870'!$A$3:$E$140,5,FALSE),"") -> 0 | BR3: =IFERROR(VLOOKUP($A3,'1870'!$A$3:$F$140,6,FALSE),"") -> 0 | BS3: =IFERROR(VLOOKUP($A3,'1870'!$A$3:$G$140,7,FALSE),"") -> 0 | BT3: =IFERROR(VLOOKUP($A3,'1870'!$A$3:$H$140,8,FALSE),"") -> 0 | BU3: =IFERROR(VLOOKUP($A3,'1870'!$A$3:$I$140,9,FALSE),"") -> 0 | BV3: =IFERROR(VLOOKUP($A3,'1870'!$A$3:$J$140,10,FALSE),"") -> 0 | BW3: =IFERROR(VLOOKUP($A3,'1871'!$A$3:$B$140,2,FALSE),"") -> 358 | BX3: =IFERROR(VLOOKUP($A3,'1871'!$A$3:$C$140,3,FALSE),"") -> 33343.68 | BY3: =IFERROR(VLOOKUP($A3,'1871'!$A$3:$D$140,4,FALSE),"") -> 0 | BZ3: =IFERROR(VLOOKUP($A3,'1871'!$A$3:$E$140,5,FALSE),"") -> 0 | CA3: =IFERROR(VLOOKUP($A3,'1871'!$A$3:$F$140,6,FALSE),"") -> 0 | CB3: =IFERROR(VLOOKUP($A3,'1871'!$A$3:$G$140,7,FALSE),"") -> 0 | CC3: =IFERROR(VLOOKUP($A3,'1871'!$A$3:$H$140,8,FALSE),"") -> 0 | CD3: =IFERROR(VLOOKUP($A3,'1871'!$A$3:$I$140,9,FALSE),"") -> 0 | CE3: =IFERROR(VLOOKUP($A3,'1871'!$A$3:$J$140,10,FALSE),"") -> 599.87 | CF3: =IFERROR(VLOOKUP($A3,'1872'!$A$3:$B$140,2,FALSE),"") -> 432 | CG3: =IFERROR(VLOOKUP($A3,'1872'!$A$3:$C$140,3,FALSE),"") -> 42993.85 | CH3: =IFERROR(VLOOKUP($A3,'1872'!$A$3:$D$140,4,FALSE),"") -> 12 | CI3: =IFERROR(VLOOKUP($A3,'1872'!$A$3:$E$140,5,FALSE),"") -> 966.5 | CJ3: =IFERROR(VLOOKUP($A3,'1872'!$A$3:$F$140,6,FALSE),"") -> 0 | CK3: =IFERROR(VLOOKUP($A3,'1872'!$A$3:$G$140,7,FALSE),"") -> 0 | CL3: =IFERROR(VLOOKUP($A3,'1872'!$A$3:$H$140,8,FALSE),"") -> 0 | CM3: =IFERROR(VLOOKUP($A3,'1872'!$A$3:$I$140,9,FALSE),"") -> 0 | CN3: =IFERROR(VLOOKUP($A3,'1872'!$A$3:$J$140,10,FALSE),"") -> 0 | CO3: =IFERROR(VLOOKUP($A3,'1873'!$A$3:$B$140,2,FALSE),"") -> 696 | CP3: =IFERROR(VLOOKUP($A3,'1873'!$A$3:$C$140,3,FALSE),"") -> 71839.35 | CQ3: =IFERROR(VLOOKUP($A3,'1873'!$A$3:$D$140,4,FALSE),"") -> 55 | CR3: =IFERROR(VLOOKUP($A3,'1873'!$A$3:$E$140,5,FALSE),"") -> 4154.57 | CS3: =IFERROR(VLOOKUP($A3,'1873'!$A$3:$F$140,6,FALSE),"") -> 0 | CT3: =IFERROR(VLOOKUP($A3,'1873'!$A$3:$G$140,7,FALSE),"") -> 0 | CU3: =IFERROR(VLOOKUP($A3,'1873'!$A$3:$H$140,8,FALSE),"") -> 0 | CV3: =IFERROR(VLOOKUP($A3,'1873'!$A$3:$I$140,9,FALSE),"") -> 0 | CW3: =IFERROR(VLOOKUP($A3,'1873'!$A$3:$J$140,10,FALSE),"") -> 300 | CX3: =IFERROR(VLOOKUP($A3,'1874'!$A$3:$B$140,2,FALSE),"") -> 676 | CY3: =IFERROR(VLOOKUP($A3,'1874'!$A$3:$C$140,3,FALSE),"") -> 71929.92 | CZ3: =IFERROR(VLOOKUP($A3,'1874'!$A$3:$D$140,4,FALSE),"") -> 117 | DA3: =IFERROR(VLOOKUP($A3,'1874'!$A$3:$E$140,5,FALSE),"") -> 10053.02 | DB3: =IFERROR(VLOOKUP($A3,'1874'!$A$3:$F$140,6,FALSE),"") -> 0 | DC3: =IFERROR(VLOOKUP($A3,'1874'!$A$3:$G$140,7,FALSE),"") -> 0 | DD3: =IFERROR(VLOOKUP($A3,'1874'!$A$3:$H$140,8,FALSE),"") -> 0 | DE3: =IFERROR(VLOOKUP($A3,'1874'!$A$3:$I$140,9,FALSE),"") -> 0 | DF3: =IFERROR(VLOOKUP($A3,'1874'!$A$3:$J$140,10,FALSE),"") -> 2118.19 | DG3: =IFERROR(VLOOKUP($A3,'1875'!$A$3:$B$140,2,FALSE),"") -> 555 | DH3: =IFERROR(VLOOKUP($A3,'1875'!$A$3:$C$140,3,FALSE),"") -> 57499.97 | DI3: =IFERROR(VLOOKUP($A3,'1875'!$A$3:$D$140,4,FALSE),"") -> 124 | DJ3: =IFERROR(VLOOKUP($A3,'1875'!$A$3:$E$140,5,FALSE),"") -> 11201.1 | DK3: =IFERROR(VLOOKUP($A3,'1875'!$A$3:$F$140,6,FALSE),"") -> 0 | DL3: =IFERROR(VLOOKUP($A3,'1875'!$A$3:$G$140,7,FALSE),"") -> 0 | DM3: =IFERROR(VLOOKUP($A3,'1875'!$A$3:$H$140,8,FALSE),"") -> 0 | DN3: =IFERROR(VLOOKUP($A3,'1875'!$A$3:$I$140,9,FALSE),"") -> 0 | DO3: =IFERROR(VLOOKUP($A3,'1875'!$A$3:$J$140,10,FALSE),"") -> 1245.22 | DP3: =IFERROR(VLOOKUP($A3,'1876'!$A$3:$B$140,2,FALSE),"") -> 735 | DQ3: =IFERROR(VLOOKUP($A3,'1876'!$A$3:$C$140,3,FALSE),"") -> 76051.22 | DR3: =IFERROR(VLOOKUP($A3,'1876'!$A$3:$D$140,4,FALSE),"") -> 198 | DS3: =IFERROR(VLOOKUP($A3,'1876'!$A$3:$E$140,5,FALSE),"") -> 19170.07 | DT3: =IFERROR(VLOOKUP($A3,'1876'!$A$3:$F$140,6,FALSE),"") -> 0 | DU3: =IFERROR(VLOOKUP($A3,'1876'!$A$3:$G$140,7,FALSE),"") -> 0 | DV3: =IFERROR(VLOOKUP($A3,'1876'!$A$3:$H$140,8,FALSE),"") -> 0 | DW3: =IFERROR(VLOOKUP($A3,'1876'!$A$3:$I$140,9,FALSE),"") -> 0 | DX3: =IFERROR(VLOOKUP($A3,'1876'!$A$3:$J$140,10,FALSE),"") -> 699.34 | DY3: =IFERROR(VLOOKUP($A3,'1877'!$A$3:$B$140,2,FALSE),"") -> 686 | DZ3: =IFERROR(VLOOKUP($A3,'1877'!$A$3:$C$140,3,FALSE),"") -> 71554.12 | EA3: =IFERROR(VLOOKUP($A3,'1877'!$A$3:$D$140,4,FALSE),"") -> 181 | EB3: =IFERROR(VLOOKUP($A3,'1877'!$A$3:$E$140,5,FALSE),"") -> 18125.52 | EC3: =IFERROR(VLOOKUP($A3,'1877'!$A$3:$F$140,6,FALSE),"") -> 0 | ED3: =IFERROR(VLOOKUP($A3,'1877'!$A$3:$G$140,7,FALSE),"") -> 0 | EE3: =IFERROR(VLOOKUP($A3,'1877'!$A$3:$H$140,8,FALSE),"") -> 0 | EF3: =IFERROR(VLOOKUP($A3,'1877'!$A$3:$I$140,9,FALSE),"") -> 0 | EG3: =IFERROR(VLOOKUP($A3,'1877'!$A$3:$J$140,10,FALSE),"") -> 846.59 | EH3: =IFERROR(VLOOKUP($A3,'1878'!$A$3:$B$140,2,FALSE),"") -> 1008 | EI3: =IFERROR(VLOOKUP($A3,'1878'!$A$3:$C$140,3,FALSE),"") -> 100031.13 | EJ3: =IFERROR(VLOOKUP($A3,'1878'!$A$3:$D$140,4,FALSE),"") -> 267 | EK3: =IFERROR(VLOOKUP($A3,'1878'!$A$3:$E$140,5,FALSE),"") -> 24498.03 | EL3: =IFERROR(VLOOKUP($A3,'1878'!$A$3:$F$140,6,FALSE),"") -> 0 | EM3: =IFERROR(VLOOKUP($A3,'1878'!$A$3:$G$140,7,FALSE),"") -> 0 | EN3: =IFERROR(VLOOKUP($A3,'1878'!$A$3:$H$140,8,FALSE),"") -> 0 | EO3: =IFERROR(VLOOKUP($A3,'1878'!$A$3:$I$140,9,FALSE),"") -> 0 | EP3: =IFERROR(VLOOKUP($A3,'1878'!$A$3:$J$140,10,FALSE),"") -> 849.87 | EQ3: =IFERROR(VLOOKUP($A3,'1879'!$A$3:$B$140,2,FALSE),"") -> 954 | ER3: =IFERROR(VLOOKUP($A3,'1879'!$A$3:$C$140,3,FALSE),"") -> 96104.91 | ES3: =IFERROR(VLOOKUP($A3,'1879'!$A$3:$D$140,4,FALSE),"") -> 159 | ET3: =IFERROR(VLOOKUP($A3,'1879'!$A$3:$E$140,5,FALSE),"") -> 16666.26 | EU3: =IFERROR(VLOOKUP($A3,'1879'!$A$3:$F$140,6,FALSE),"") -> 0 | EV3: =IFERROR(VLOOKUP($A3,'1879'!$A$3:$G$140,7,FALSE),"") -> 0 | EW3: =IFERROR(VLOOKUP($A3,'1879'!$A$3:$H$140,8,FALSE),"") -> 0 | EX3: =IFERROR(VLOOKUP($A3,'1879'!$A$3:$I$140,9,FALSE),"") -> 0 | EY3: =IFERROR(VLOOKUP($A3,'1879'!$A$3:$J$140,10,FALSE),"") -> 100 | EZ3: =IFERROR(VLOOKUP($A3,'1880'!$A$3:$B$140,2,FALSE),"") -> 1377 | FA3: =IFERROR(VLOOKUP($A3,'1880'!$A$3:$C$140,3,FALSE),"") -> 144034.36 | FB3: =IFERROR(VLOOKUP($A3,'1880'!$A$3:$D$140,4,FALSE),"") -> 263 | FC3: =IFERROR(VLOOKUP($A3,'1880'!$A$3:$E$140,5,FALSE),"") -> 28891.06 | FD3: =IFERROR(VLOOKUP($A3,'1880'!$A$3:$F$140,6,FALSE),"") -> 0 | FE3: =IFERROR(VLOOKUP($A3,'1880'!$A$3:$G$140,7,FALSE),"") -> 0 | FF3: =IFERROR(VLOOKUP($A3,'1880'!$A$3:$H$140,8,FALSE),"") -> 0 | FG3: =IFERROR(VLOOKUP($A3,'1880'!$A$3:$I$140,9,FALSE),"") -> 0 | FH3: =IFERROR(VLOOKUP($A3,'1880'!$A$3:$J$140,10,FALSE),"") -> 0 | FI3: =IFERROR(VLOOKUP($A3,'1881'!$A$3:$B$140,2,FALSE),"") -> 1159 | FJ3: =IFERROR(VLOOKUP($A3,'1881'!$A$3:$C$140,3,FALSE),"") -> 119444.59 | FK3: =IFERROR(VLOOKUP($A3,'1881'!$A$3:$D$140,4,FALSE),"") -> 333 | FL3: =IFERROR(VLOOKUP($A3,'1881'!$A$3:$E$140,5,FALSE),"") -> 33226.63 | FM3: =IFERROR(VLOOKUP($A3,'1881'!$A$3:$F$140,6,FALSE),"") -> 0 | FN3: =IFERROR(VLOOKUP($A3,'1881'!$A$3:$G$140,7,FALSE),"") -> 0 | FO3: =IFERROR(VLOOKUP($A3,'1881'!$A$3:$H$140,8,FALSE),"") -> 32 | FP3: =IFERROR(VLOOKUP($A3,'1881'!$A$3:$I$140,9,FALSE),"") -> 0 | FQ3: =IFERROR(VLOOKUP($A3,'1881'!$A$3:$J$140,10,FALSE),"") -> 0 | FR3: =IFERROR(VLOOKUP($A3,'1882'!$A$3:$B$140,2,FALSE),"") -> 920 | FS3: =IFERROR(VLOOKUP($A3,'1882'!$A$3:$C$140,3,FALSE),"") -> 104433.75 | FT3: =IFERROR(VLOOKUP($A3,'1882'!$A$3:$D$140,4,FALSE),"") -> 379 | FU3: =IFERROR(VLOOKUP($A3,'1882'!$A$3:$E$140,5,FALSE),"") -> 43153.33 | FV3: =IFERROR(VLOOKUP($A3,'1882'!$A$3:$F$140,6,FALSE),"") -> 5 | FW3: =IFERROR(VLOOKUP($A3,'1882'!$A$3:$G$140,7,FALSE),"") -> 439.82 | FX3: =IFERROR(VLOOKUP($A3,'1882'!$A$3:$H$140,8,FALSE),"") -> 12 | FY3: =IFERROR(VLOOKUP($A3,'1882'!$A$3:$I$140,9,FALSE),"") -> 1282.47 | FZ3: =IFERROR(VLOOKUP($A3,'1882'!$A$3:$J$140,10,FALSE),"") -> 0 | GA3: =IFERROR(VLOOKUP($A3,'1883'!$A$3:$B$140,2,FALSE),"") -> 1033 | GB3: =IFERROR(VLOOKUP($A3,'1883'!$A$3:$C$140,3,FALSE),"") -> 127488.61 | GC3: =IFERROR(VLOOKUP($A3,'1883'!$A$3:$D$140,4,FALSE),"") -> 531 | GD3: =IFERROR(VLOOKUP($A3,'1883'!$A$3:$E$140,5,FALSE),"") -> 58732.67 | GE3: =IFERROR(VLOOKUP($A3,'1883'!$A$3:$F$140,6,FALSE),"") -> 14 | GF3: =IFERROR(VLOOKUP($A3,'1883'!$A$3:$G$140,7,FALSE),"") -> 1253.33 | GG3: =IFERROR(VLOOKUP($A3,'1883'!$A$3:$H$140,8,FALSE),"") -> 35 | GH3: =IFERROR(VLOOKUP($A3,'1883'!$A$3:$I$140,9,FALSE),"") -> 3290.44 | GI3: =IFERROR(VLOOKUP($A3,'1883'!$A$3:$J$140,10,FALSE),"") -> 0 | GJ3: =IFERROR(VLOOKUP($A3,'1884'!$A$3:$B$140,2,FALSE),"") -> 881 | GK3: =IFERROR(VLOOKUP($A3,'1884'!$A$3:$C$140,3,FALSE),"") -> 101201.59 | GL3: =IFERROR(VLOOKUP($A3,'1884'!$A$3:$D$140,4,FALSE),"") -> 640 | GM3: =IFERROR(VLOOKUP($A3,'1884'!$A$3:$E$140,5,FALSE),"") -> 69106.09 | GN3: =IFERROR(VLOOKUP($A3,'1884'!$A$3:$F$140,6,FALSE),"") -> 29 | GO3: =IFERROR(VLOOKUP($A3,'1884'!$A$3:$G$140,7,FALSE),"") -> 3278.66 | GP3: =IFERROR(VLOOKUP($A3,'1884'!$A$3:$H$140,8,FALSE),"") -> 66 | GQ3: =IFERROR(VLOOKUP($A3,'1884'!$A$3:$I$140,9,FALSE),"") -> 5874.8 | GR3: =IFERROR(VLOOKUP($A3,'1884'!$A$3:$J$140,10,FALSE),"") -> 0 | GS3: =IFERROR(VLOOKUP($A3,'1885'!$A$3:$B$140,2,FALSE),"") -> 349 | GT3: =IFERROR(VLOOKUP($A3,'1885'!$A$3:$C$140,3,FALSE),"") -> 36650.11 | GU3: =IFERROR(VLOOKUP($A3,'1885'!$A$3:$D$140,4,FALSE),"") -> 630 | GV3: =IFERROR(VLOOKUP($A3,'1885'!$A$3:$E$140,5,FALSE),"") -> 69546.7 | GW3: =IFERROR(VLOOKUP($A3,'1885'!$A$3:$F$140,6,FALSE),"") -> 8 | GX3: =IFERROR(VLOOKUP($A3,'1885'!$A$3:$G$140,7,FALSE),"") -> 576.86 | GY3: =IFERROR(VLOOKUP($A3,'1885'!$A$3:$H$140,8,FALSE),"") -> 12 | GZ3: =IFERROR(VLOOKUP($A3,'1885'!$A$3:$I$140,9,FALSE),"") -> 790.91 | HA3: =IFERROR(VLOOKUP($A3,'1885'!$A$3:$J$140,10,FALSE),"") -> 0 | HB3: =IFERROR(VLOOKUP($A3,'1886'!$A$3:$B$140,2,FALSE),"") -> 403 | HC3: =IFERROR(VLOOKUP($A3,'1886'!$A$3:$C$140,3,FALSE),"") -> 43733.68 | HD3: =IFERROR(VLOOKUP($A3,'1886'!$A$3:$D$140,4,FALSE),"") -> 614 | HE3: =IFERROR(VLOOKUP($A3,'1886'!$A$3:$E$140,5,FALSE),"") -> 68359.89 | HF3: =IFERROR(VLOOKUP($A3,'1886'!$A$3:$F$140,6,FALSE),"") -> 24 | HG3: =IFERROR(VLOOKUP($A3,'1886'!$A$3:$G$140,7,FALSE),"") -> 2201.19 | HH3: =IFERROR(VLOOKUP($A3,'1886'!$A$3:$H$140,8,FALSE),"") -> 11 | HI3: =IFERROR(VLOOKUP($A3,'1886'!$A$3:$I$140,9,FALSE),"") -> 956.63 | HJ3: =IFERROR(VLOOKUP($A3,'1886'!$A$3:$J$140,10,FALSE),"") -> 0 | HK3: =IFERROR(VLOOKUP($A3,'1887'!$A$3:$B$140,2,FALSE),"") -> 1018 | HL3: =IFERROR(VLOOKUP($A3,'1887'!$A$3:$C$140,3,FALSE),"") -> 131078.79 | HM3: =IFERROR(VLOOKUP($A3,'1887'!$A$3:$D$140,4,FALSE),"") -> 636 | HN3: =IFERROR(VLOOKUP($A3,'1887'!$A$3:$E$140,5,FALSE),"") -> 72618.06 | HO3: =IFERROR(VLOOKUP($A3,'1887'!$A$3:$F$140,6,FALSE),"") -> 10 | HP3: =IFERROR(VLOOKUP($A3,'1887'!$A$3:$G$140,7,FALSE),"") -> 1031.05 | HQ3: =IFERROR(VLOOKUP($A3,'1887'!$A$3:$H$140,8,FALSE),"") -> 45 | HR3: =IFERROR(VLOOKUP($A3,'1887'!$A$3:$I$140,9,FALSE),"") -> 4008.15 | HS3: =IFERROR(VLOOKUP($A3,'1887'!$A$3:$J$140,10,FALSE),"") -> 0 | HT3: =IFERROR(VLOOKUP($A3,'1888'!$A$3:$B$140,2,FALSE),"") -> 1302 | HU3: =IFERROR(VLOOKUP($A3,'1888'!$A$3:$C$140,3,FALSE),"") -> 160692.52 | HV3: =IFERROR(VLOOKUP($A3,'1888'!$A$3:$D$140,4,FALSE),"") -> 662 | HW3: =IFERROR(VLOOKUP($A3,'1888'!$A$3:$E$140,5,FALSE),"") -> 79016.08 | HX3: =IFERROR(VLOOKUP($A3,'1888'!$A$3:$F$140,6,FALSE),"") -> 58 | HY3: =IFERROR(VLOOKUP($A3,'1888'!$A$3:$G$140,7,FALSE),"") -> 7032.58 | HZ3: =IFERROR(VLOOKUP($A3,'1888'!$A$3:$H$140,8,FALSE),"") -> 19 | IA3: =IFERROR(VLOOKUP($A3,'1888'!$A$3:$I$140,9,FALSE),"") -> 1361.64 | IB3: =IFERROR(VLOOKUP($A3,'1888'!$A$3:$J$140,10,FALSE),"") -> 0 | IC3: =IFERROR(VLOOKUP($A3,'1889'!$A$3:$B$140,2,FALSE),"") -> 853 | ID3: =IFERROR(VLOOKUP($A3,'1889'!$A$3:$C$140,3,FALSE),"") -> 102466.19 | IE3: =IFERROR(VLOOKUP($A3,'1889'!$A$3:$D$140,4,FALSE),"") -> 591 | IF3: =IFERROR(VLOOKUP($A3,'1889'!$A$3:$E$140,5,FALSE),"") -> 75678.34 | IG3: =IFERROR(VLOOKUP($A3,'1889'!$A$3:$F$140,6,FALSE),"") -> 65 | IH3: =IFERROR(VLOOKUP($A3,'1889'!$A$3:$G$140,7,FALSE),"") -> 8000.09 | II3: =IFERROR(VLOOKUP($A3,'1889'!$A$3:$H$140,8,FALSE),"") -> 1 | IJ3: =IFERROR(VLOOKUP($A3,'1889'!$A$3:$I$140,9,FALSE),"") -> 119.5 | IK3: =IFERROR(VLOOKUP($A3,'1889'!$A$3:$J$140,10,FALSE),"") -> 0 | IL3: =IFERROR(VLOOKUP($A3,'1890'!$A$3:$B$140,2,FALSE),"") -> 1183 | IM3: =IFERROR(VLOOKUP($A3,'1890'!$A$3:$C$140,3,FALSE),"") -> 134516.4 | IN3: =IFERROR(VLOOKUP($A3,'1890'!$A$3:$D$140,4,FALSE),"") -> 570 | IO3: =IFERROR(VLOOKUP($A3,'1890'!$A$3:$E$140,5,FALSE),"") -> 65351.7 | IP3: =IFERROR(VLOOKUP($A3,'1890'!$A$3:$F$140,6,FALSE),"") -> 54 | IQ3: =IFERROR(VLOOKUP($A3,'1890'!$A$3:$G$140,7,FALSE),"") -> 6617.41 | IR3: =IFERROR(VLOOKUP($A3,'1890'!$A$3:$H$140,8,FALSE),"") -> 6 | IS3: =IFERROR(VLOOKUP($A3,'1890'!$A$3:$I$140,9,FALSE),"") -> 520.47 | IT3: =IFERROR(VLOOKUP($A3,'1890'!$A$3:$J$140,10,FALSE),"") -> 0 | IU3: =IFERROR(VLOOKUP($A3,'1891'!$A$3:$B$140,2,FALSE),"") -> 1681 | IV3: =IFERROR(VLOOKUP($A3,'1891'!$A$3:$C$140,3,FALSE),"") -> 181756.22 | IW3: =IFERROR(VLOOKUP($A3,'1891'!$A$3:$D$140,4,FALSE),"") -> 554 | IX3: =IFERROR(VLOOKUP($A3,'1891'!$A$3:$E$140,5,FALSE),"") -> 62417.74 | IY3: =IFERROR(VLOOKUP($A3,'1891'!$A$3:$F$140,6,FALSE),"") -> 58 | IZ3: =IFERROR(VLOOKUP($A3,'1891'!$A$3:$G$140,7,FALSE),"") -> 5995.26 | JA3: =IFERROR(VLOOKUP($A3,'1891'!$A$3:$H$140,8,FALSE),"") -> 4 | JB3: =IFERROR(VLOOKUP($A3,'1891'!$A$3:$I$140,9,FALSE),"") -> 200.2 | JC3: =IFERROR(VLOOKUP($A3,'1891'!$A$3:$J$140,10,FALSE),"") -> 0 | JD3: =IFERROR(VLOOKUP($A3,'1892'!$A$3:$B$140,2,FALSE),"") -> 888 | JE3: =IFERROR(VLOOKUP($A3,'1892'!$A$3:$C$140,3,FALSE),"") -> 96874.62 | JF3: =IFERROR(VLOOKUP($A3,'1892'!$A$3:$D$140,4,FALSE),"") -> 486 | JG3: =IFERROR(VLOOKUP($A3,'1892'!$A$3:$E$140,5,FALSE),"") -> 55279.07 | JH3: =IFERROR(VLOOKUP($A3,'1892'!$A$3:$F$140,6,FALSE),"") -> 34 | JI3: =IFERROR(VLOOKUP($A3,'1892'!$A$3:$G$140,7,FALSE),"") -> 2627.58 | JJ3: =IFERROR(VLOOKUP($A3,'1892'!$A$3:$H$140,8,FALSE),"") -> 3 | JK3: =IFERROR(VLOOKUP($A3,'1892'!$A$3:$I$140,9,FALSE),"") -> 200.56 | JL3: =IFERROR(VLOOKUP($A3,'1892'!$A$3:$J$140,10,FALSE),"") -> 0 | JM3: =IFERROR(VLOOKUP($A3,'1893'!$A$3:$B$140,2,FALSE),"") -> 540 | JN3: =IFERROR(VLOOKUP($A3,'1893'!$A$3:$C$140,3,FALSE),"") -> 58839.17 | JO3: =IFERROR(VLOOKUP($A3,'1893'!$A$3:$D$140,4,FALSE),"") -> 722 | JP3: =IFERROR(VLOOKUP($A3,'1893'!$A$3:$E$140,5,FALSE),"") -> 93156.17 | JQ3: =IFERROR(VLOOKUP($A3,'1893'!$A$3:$F$140,6,FALSE),"") -> 11 | JR3: =IFERROR(VLOOKUP($A3,'1893'!$A$3:$G$140,7,FALSE),"") -> 919 | JS3: =IFERROR(VLOOKUP($A3,'1893'!$A$3:$H$140,8,FALSE),"") -> 0 | JT3: =IFERROR(VLOOKUP($A3,'1893'!$A$3:$I$140,9,FALSE),"") -> 0 | JU3: =IFERROR(VLOOKUP($A3,'1893'!$A$3:$J$140,10,FALSE),"") -> 0 | JV3: =IFERROR(VLOOKUP($A3,'1894'!$A$3:$B$140,2,FALSE),"") -> 449 | JW3: =IFERROR(VLOOKUP($A3,'1894'!$A$3:$C$140,3,FALSE),"") -> 47738.46 | JX3: =IFERROR(VLOOKUP($A3,'1894'!$A$3:$D$140,4,FALSE),"") -> 634 | JY3: =IFERROR(VLOOKUP($A3,'1894'!$A$3:$E$140,5,FALSE),"") -> 80562.46 | JZ3: =IFERROR(VLOOKUP($A3,'1894'!$A$3:$F$140,6,FALSE),"") -> 9 | KA3: =IFERROR(VLOOKUP($A3,'1894'!$A$3:$G$140,7,FALSE),"") -> 964.82 | KB3: =IFERROR(VLOOKUP($A3,'1894'!$A$3:$H$140,8,FALSE),"") -> 0 | KC3: =IFERROR(VLOOKUP($A3,'1894'!$A$3:$I$140,9,FALSE),"") -> 0 | KD3: =IFERROR(VLOOKUP($A3,'1894'!$A$3:$J$140,10,FALSE),"") -> 0 | KE3: =IFERROR(VLOOKUP($A3,'1895'!$A$3:$B$140,2,FALSE),"") -> 276 | KF3: =IFERROR(VLOOKUP($A3,'1895'!$A$3:$C$140,3,FALSE),"") -> 28760.16 | KG3: =IFERROR(VLOOKUP($A3,'1895'!$A$3:$D$140,4,FALSE),"") -> 496 | KH3: =IFERROR(VLOOKUP($A3,'1895'!$A$3:$E$140,5,FALSE),"") -> 60539.55 | KI3: =IFERROR(VLOOKUP($A3,'1895'!$A$3:$F$140,6,FALSE),"") -> 9 | KJ3: =IFERROR(VLOOKUP($A3,'1895'!$A$3:$G$140,7,FALSE),"") -> 557.83 | KK3: =IFERROR(VLOOKUP($A3,'1895'!$A$3:$H$140,8,FALSE),"") -> 0 | KL3: =IFERROR(VLOOKUP($A3,'1895'!$A$3:$I$140,9,FALSE),"") -> 0 | KM3: =IFERROR(VLOOKUP($A3,'1895'!$A$3:$J$140,10,FALSE),"") -> 0 | KN3: =IFERROR(VLOOKUP($A3,'1896'!$A$3:$B$140,2,FALSE),"") -> 475 | KO3: =IFERROR(VLOOKUP($A3,'1896'!$A$3:$C$140,3,FALSE),"") -> 48567.3 | KP3: =IFERROR(VLOOKUP($A3,'1896'!$A$3:$D$140,4,FALSE),"") -> 666 | KQ3: =IFERROR(VLOOKUP($A3,'1896'!$A$3:$E$140,5,FALSE),"") -> 75829.25 | KR3: =IFERROR(VLOOKUP($A3,'1896'!$A$3:$F$140,6,FALSE),"") -> 9 | KS3: =IFERROR(VLOOKUP($A3,'1896'!$A$3:$G$140,7,FALSE),"") -> 890.58 | KT3: =IFERROR(VLOOKUP($A3,'1896'!$A$3:$H$140,8,FALSE),"") -> 0 | KU3: =IFERROR(VLOOKUP($A3,'1896'!$A$3:$I$140,9,FALSE),"") -> 0 | KV3: =IFERROR(VLOOKUP($A3,'1896'!$A$3:$J$140,10,FALSE),"") -> 0 | KW3: =IFERROR(VLOOKUP($A3,'1897'!$A$3:$B$140,2,FALSE),"") -> 466 | KX3: =IFERROR(VLOOKUP($A3,'1897'!$A$3:$C$140,3,FALSE),"") -> 48423.67 | KY3: =IFERROR(VLOOKUP($A3,'1897'!$A$3:$D$140,4,FALSE),"") -> 574 | KZ3: =IFERROR(VLOOKUP($A3,'1897'!$A$3:$E$140,5,FALSE),"") -> 66700.28 | LA3: =IFERROR(VLOOKUP($A3,'1897'!$A$3:$F$140,6,FALSE),"") -> 3 | LB3: =IFERROR(VLOOKUP($A3,'1897'!$A$3:$G$140,7,FALSE),"") -> 360.18 | LC3: =IFERROR(VLOOKUP($A3,'1897'!$A$3:$H$140,8,FALSE),"") -> 0 | LD3: =IFERROR(VLOOKUP($A3,'1897'!$A$3:$I$140,9,FALSE),"") -> 0 | LE3: =IFERROR(VLOOKUP($A3,'1897'!$A$3:$J$140,10,FALSE),"") -> 0 | LF3: =IFERROR(VLOOKUP($A3,'1898'!$A$3:$B$140,2,FALSE),"") -> 530 | LG3: =IFERROR(VLOOKUP($A3,'1898'!$A$3:$C$140,3,FALSE),"") -> 56870.89 | LH3: =IFERROR(VLOOKUP($A3,'1898'!$A$3:$D$140,4,FALSE),"") -> 524 | LI3: =IFERROR(VLOOKUP($A3,'1898'!$A$3:$E$140,5,FALSE),"") -> 59838.09 | LJ3: =IFERROR(VLOOKUP($A3,'1898'!$A$3:$F$140,6,FALSE),"") -> 4 | LK3: =IFERROR(VLOOKUP($A3,'1898'!$A$3:$G$140,7,FALSE),"") -> 240.71 | LL3: =IFERROR(VLOOKUP($A3,'1898'!$A$3:$H$140,8,FALSE),"") -> 0 | LM3: =IFERROR(VLOOKUP($A3,'1898'!$A$3:$I$140,9,FALSE),"") -> 0 | LN3: =IFERROR(VLOOKUP($A3,'1898'!$A$3:$J$140,10,FALSE),"") -> 0 | LO3: =IFERROR(VLOOKUP($A3,'1899'!$A$3:$B$140,2,FALSE),"") -> 668 | LP3: =IFERROR(VLOOKUP($A3,'1899'!$A$3:$C$140,3,FALSE),"") -> 69404.07 | LQ3: =IFERROR(VLOOKUP($A3,'1899'!$A$3:$D$140,4,FALSE),"") -> 491 | LR3: =IFERROR(VLOOKUP($A3,'1899'!$A$3:$E$140,5,FALSE),"") -> 54742.31 | LS3: =IFERROR(VLOOKUP($A3,'1899'!$A$3:$F$140,6,FALSE),"") -> 6 | LT3: =IFERROR(VLOOKUP($A3,'1899'!$A$3:$G$140,7,FALSE),"") -> 484.9 | LU3: =IFERROR(VLOOKUP($A3,'1899'!$A$3:$H$140,8,FALSE),"") -> 0 | LV3: =IFERROR(VLOOKUP($A3,'1899'!$A$3:$I$140,9,FALSE),"") -> 0 | LW3: =IFERROR(VLOOKUP($A3,'1899'!$A$3:$J$140,10,FALSE),"") -> 0 | LX3: =IFERROR(VLOOKUP($A3,'1900'!$A$3:$B$140,2,FALSE),"") -> 664 | LY3: =IFERROR(VLOOKUP($A3,'1900'!$A$3:$C$140,3,FALSE),"") -> 63891.95 | LZ3: =IFERROR(VLOOKUP($A3,'1900'!$A$3:$D$140,4,FALSE),"") -> 352 | MA3: =IFERROR(VLOOKUP($A3,'1900'!$A$3:$E$140,5,FALSE),"") -> 38482.32 | MB3: =IFERROR(VLOOKUP($A3,'1900'!$A$3:$F$140,6,FALSE),"") -> 11 | MC3: =IFERROR(VLOOKUP($A3,'1900'!$A$3:$G$140,7,FALSE),"") -> 1035.35 | MD3: =IFERROR(VLOOKUP($A3,'1900'!$A$3:$H$140,8,FALSE),"") -> 0 | ME3: =IFERROR(VLOOKUP($A3,'1900'!$A$3:$I$140,9,FALSE),"") -> 0 | MF3: =IFERROR(VLOOKUP($A3,'1900'!$A$3:$J$140,10,FALSE),"") -> 0 | MG3: =IFERROR(VLOOKUP($A3,'1901'!$A$3:$B$140,2,FALSE),"") -> 441 | MH3: =IFERROR(VLOOKUP($A3,'1901'!$A$3:$C$140,3,FALSE),"") -> 42725.45 | MI3: =IFERROR(VLOOKUP($A3,'1901'!$A$3:$D$140,4,FALSE),"") -> 316 | MJ3: =IFERROR(VLOOKUP($A3,'1901'!$A$3:$E$140,5,FALSE),"") -> 36167.37 | MK3: =IFERROR(VLOOKUP($A3,'1901'!$A$3:$F$140,6,FALSE),"") -> 7 | ML3: =IFERROR(VLOOKUP($A3,'1901'!$A$3:$G$140,7,FALSE),"") -> 795.88 | MM3: =IFERROR(VLOOKUP($A3,'1901'!$A$3:$H$140,8,FALSE),"") -> 0 | MN3: =IFERROR(VLOOKUP($A3,'1901'!$A$3:$I$140,9,FALSE),"") -> 0 | MO3: =IFERROR(VLOOKUP($A3,'1901'!$A$3:$J$140,10,FALSE),"") -> 0 | MP3: =IFERROR(VLOOKUP($A3,'1902'!$A$3:$B$140,2,FALSE),"") -> 347 | MQ3: =IFERROR(VLOOKUP($A3,'1902'!$A$3:$C$140,3,FALSE),"") -> 33661.32 | MR3: =IFERROR(VLOOKUP($A3,'1902'!$A$3:$D$140,4,FALSE),"") -> 284 | MS3: =IFERROR(VLOOKUP($A3,'1902'!$A$3:$E$140,5,FALSE),"") -> 31616.94 | MT3: =IFERROR(VLOOKUP($A3,'1902'!$A$3:$F$140,6,FALSE),"") -> 18 | MU3: =IFERROR(VLOOKUP($A3,'1902'!$A$3:$G$140,7,FALSE),"") -> 1905.12 | MV3: =IFERROR(VLOOKUP($A3,'1902'!$A$3:$H$140,8,FALSE),"") -> 0 | MW3: =IFERROR(VLOOKUP($A3,'1902'!$A$3:$I$140,9,FALSE),"") -> 0 | MX3: =IFERROR(VLOOKUP($A3,'1902'!$A$3:$J$140,10,FALSE),"") -> 0 | MY3: =IFERROR(VLOOKUP($A3,'1903'!$A$3:$B$140,2,FALSE),"") -> 556 | MZ3: =IFERROR(VLOOKUP($A3,'1903'!$A$3:$C$140,3,FALSE),"") -> 56815.82 | NA3: =IFERROR(VLOOKUP($A3,'1903'!$A$3:$D$140,4,FALSE),"") -> 343 | NB3: =IFERROR(VLOOKUP($A3,'1903'!$A$3:$E$140,5,FALSE),"") -> 37099.89 | NC3: =IFERROR(VLOOKUP($A3,'1903'!$A$3:$F$140,6,FALSE),"") -> 17 | ND3: =IFERROR(VLOOKUP($A3,'1903'!$A$3:$G$140,7,FALSE),"") -> 1754.38 | NE3: =IFERROR(VLOOKUP($A3,'1903'!$A$3:$H$140,8,FALSE),"") -> 0 | NF3: =IFERROR(VLOOKUP($A3,'1903'!$A$3:$I$140,9,FALSE),"") -> 0 | NG3: =IFERROR(VLOOKUP($A3,'1903'!$A$3:$J$140,10,FALSE),"") -> 0 | NH3: =IFERROR(VLOOKUP($A3,'1904'!$A$3:$B$140,2,FALSE),"") -> 359 | NI3: =IFERROR(VLOOKUP($A3,'1904'!$A$3:$C$140,3,FALSE),"") -> 35818.61 | NJ3: =IFERROR(VLOOKUP($A3,'1904'!$A$3:$D$140,4,FALSE),"") -> 372 | NK3: =IFERROR(VLOOKUP($A3,'1904'!$A$3:$E$140,5,FALSE),"") -> 39826.72 | NL3: =IFERROR(VLOOKUP($A3,'1904'!$A$3:$F$140,6,FALSE),"") -> 22 | NM3: =IFERROR(VLOOKUP($A3,'1904'!$A$3:$G$140,7,FALSE),"") -> 1752.87 | NN3: =IFERROR(VLOOKUP($A3,'1904'!$A$3:$H$140,8,FALSE),"") -> 0 | NO3: =IFERROR(VLOOKUP($A3,'1904'!$A$3:$I$140,9,FALSE),"") -> 0 | NP3: =IFERROR(VLOOKUP($A3,'1904'!$A$3:$J$140,10,FALSE),"") -> 0 | NQ3: =IFERROR(VLOOKUP($A3,'1905'!$A$3:$B$140,2,FALSE),"") -> 266 | NR3: =IFERROR(VLOOKUP($A3,'1905'!$A$3:$C$140,3,FALSE),"") -> 27016.78 | NS3: =IFERROR(VLOOKUP($A3,'1905'!$A$3:$D$140,4,FALSE),"") -> 248 | NT3: =IFERROR(VLOOKUP($A3,'1905'!$A$3:$E$140,5,FALSE),"") -> 26902.81 | NU3: =IFERROR(VLOOKUP($A3,'1905'!$A$3:$F$140,6,FALSE),"") -> 15 | NV3: =IFERROR(VLOOKUP($A3,'1905'!$A$3:$G$140,7,FALSE),"") -> 1283.54 | NW3: =IFERROR(VLOOKUP($A3,'1905'!$A$3:$H$140,8,FALSE),"") -> 0 | NX3: =IFERROR(VLOOKUP($A3,'1905'!$A$3:$I$140,9,FALSE),"") -> 0 | NY3: =IFERROR(VLOOKUP($A3,'1905'!$A$3:$J$140,10,FALSE),"") -> 0 | NZ3: =IFERROR(VLOOKUP($A3,'1906'!$A$3:$B$140,2,FALSE),"") | OA3: =IFERROR(VLOOKUP($A3,'1906'!$A$3:$C$140,3,FALSE),"") | OB3: =IFERROR(VLOOKUP($A3,'1906'!$A$3:$D$140,4,FALSE),"") | OC3: =IFERROR(VLOOKUP($A3,'1906'!$A$3:$E$140,5,FALSE),"") | OD3: =IFERROR(VLOOKUP($A3,'1906'!$A$3:$F$140,6,FALSE),"") | OE3: =IFERROR(VLOOKUP($A3,'1906'!$A$3:$G$140,7,FALSE),"") | OF3: =IFERROR(VLOOKUP($A3,'1906'!$A$3:$H$140,8,FALSE),"") | OG3: =IFERROR(VLOOKUP($A3,'1906'!$A$3:$I$140,9,FALSE),"") | OH3: =IFERROR(VLOOKUP($A3,'1906'!$A$3:$J$140,10,FALSE),"") | OI3: =IFERROR(VLOOKUP($A3,'1907'!$A$3:$B$140,2,FALSE),"") | OJ3: =IFERROR(VLOOKUP($A3,'1907'!$A$3:$C$140,3,FALSE),"") | OK3: =IFERROR(VLOOKUP($A3,'1907'!$A$3:$D$140,4,FALSE),"") | OL3: =IFERROR(VLOOKUP($A3,'1907'!$A$3:$E$140,5,FALSE),"") | OM3: =IFERROR(VLOOKUP($A3,'1907'!$A$3:$F$140,6,FALSE),"") | ON3: =IFERROR(VLOOKUP($A3,'1907'!$A$3:$G$140,7,FALSE),"") | OO3: =IFERROR(VLOOKUP($A3,'1907'!$A$3:$H$140,8,FALSE),"") | OP3: =IFERROR(VLOOKUP($A3,'1907'!$A$3:$I$140,9,FALSE),"") | OQ3: =IFERROR(VLOOKUP($A3,'1907'!$A$3:$J$140,10,FALSE),"") | OR3: =IFERROR(VLOOKUP($A3,'1908'!$A$3:$B$140,2,FALSE),"") | OS3: =IFERROR(VLOOKUP($A3,'1908'!$A$3:$C$140,3,FALSE),"") | OT3: =IFERROR(VLOOKUP($A3,'1908'!$A$3:$D$140,4,FALSE),"") | OU3: =IFERROR(VLOOKUP($A3,'1908'!$A$3:$E$140,5,FALSE),"") | OV3: =IFERROR(VLOOKUP($A3,'1908'!$A$3:$F$140,6,FALSE),"") | OW3: =IFERROR(VLOOKUP($A3,'1908'!$A$3:$G$140,7,FALSE),"") | OX3: =IFERROR(VLOOKUP($A3,'1908'!$A$3:$H$140,8,FALSE),"") | OY3: =IFERROR(VLOOKUP($A3,'1908'!$A$3:$I$140,9,FALSE),"") | OZ3: =IFERROR(VLOOKUP($A3,'1908'!$A$3:$J$140,10,FALSE),"") | PA3: =IFERROR(VLOOKUP($A3,'1909'!$A$3:$B$140,2,FALSE),"") | PB3: =IFERROR(VLOOKUP($A3,'1909'!$A$3:$C$140,3,FALSE),"") | PC3: =IFERROR(VLOOKUP($A3,'1909'!$A$3:$D$140,4,FALSE),"") | PD3: =IFERROR(VLOOKUP($A3,'1909'!$A$3:$E$140,5,FALSE),"") | PE3: =IFERROR(VLOOKUP($A3,'1909'!$A$3:$F$140,6,FALSE),"") | PF3: =IFERROR(VLOOKUP($A3,'1909'!$A$3:$G$140,7,FALSE),"") | PG3: =IFERROR(VLOOKUP($A3,'1909'!$A$3:$H$140,8,FALSE),"") | PH3: =IFERROR(VLOOKUP($A3,'1909'!$A$3:$I$140,9,FALSE),"") | PI3: =IFERROR(VLOOKUP($A3,'1909'!$A$3:$J$140,10,FALSE),"") | PJ3: =IFERROR(VLOOKUP($A3,'1910'!$A$3:$B$140,2,FALSE),"") | PK3: =IFERROR(VLOOKUP($A3,'1910'!$A$3:$C$140,3,FALSE),"") | PL3: =IFERROR(VLOOKUP($A3,'1910'!$A$3:$D$140,4,FALSE),"") | PM3: =IFERROR(VLOOKUP($A3,'1910'!$A$3:$E$140,5,FALSE),"") | PN3: =IFERROR(VLOOKUP($A3,'1910'!$A$3:$F$140,6,FALSE),"") | PO3: =IFERROR(VLOOKUP($A3,'1910'!$A$3:$G$140,7,FALSE),"") | PP3: =IFERROR(VLOOKUP($A3,'1910'!$A$3:$H$140,8,FALSE),"") | PQ3: =IFERROR(VLOOKUP($A3,'1910'!$A$3:$I$140,9,FALSE),"") | PR3: =IFERROR(VLOOKUP($A3,'1910'!$A$3:$J$140,10,FALSE),"") | PS3: =IFERROR(VLOOKUP($A3,'1911'!$A$3:$B$140,2,FALSE),"") | PT3: =IFERROR(VLOOKUP($A3,'1911'!$A$3:$C$140,3,FALSE),"") | PU3: =IFERROR(VLOOKUP($A3,'1911'!$A$3:$D$140,4,FALSE),"") | PV3: =IFERROR(VLOOKUP($A3,'1911'!$A$3:$E$140,5,FALSE),"") | PW3: =IFERROR(VLOOKUP($A3,'1911'!$A$3:$F$140,6,FALSE),"") | PX3: =IFERROR(VLOOKUP($A3,'1911'!$A$3:$G$140,7,FALSE),"") | PY3: =IFERROR(VLOOKUP($A3,'1911'!$A$3:$H$140,8,FALSE),"") | PZ3: =IFERROR(VLOOKUP($A3,'1911'!$A$3:$I$140,9,FALSE),"") | QA3: =IFERROR(VLOOKUP($A3,'1911'!$A$3:$J$140,10,FALSE),"") | QB3: =IFERROR(VLOOKUP($A3,'1912'!$A$3:$B$140,2,FALSE),"") | QC3: =IFERROR(VLOOKUP($A3,'1912'!$A$3:$C$140,3,FALSE),"") | QD3: =IFERROR(VLOOKUP($A3,'1912'!$A$3:$D$140,4,FALSE),"") | QE3: =IFERROR(VLOOKUP($A3,'1912'!$A$3:$E$140,5,FALSE),"") | QF3: =IFERROR(VLOOKUP($A3,'1912'!$A$3:$F$140,6,FALSE),"") | QG3: =IFERROR(VLOOKUP($A3,'1912'!$A$3:$G$140,7,FALSE),"") | QH3: =IFERROR(VLOOKUP($A3,'1912'!$A$3:$H$140,8,FALSE),"") | QI3: =IFERROR(VLOOKUP($A3,'1912'!$A$3:$I$140,9,FALSE),"") | QJ3: =IFERROR(VLOOKUP($A3,'1912'!$A$3:$J$140,10,FALSE),"")
A4: Mobile, AL | B4: Alabama | C4: =IFERROR(VLOOKUP($A4,'1863'!$A$3:$B$140,2,FALSE),"") | D4: =IFERROR(VLOOKUP($A4,'1863'!$A$3:$C$140,3,FALSE),"") | E4: =IFERROR(VLOOKUP($A4,'1863'!$A$3:$D$140,4,FALSE),"") | F4: =IFERROR(VLOOKUP($A4,'1863'!$A$3:$E$140,5,FALSE),"") | G4: =IFERROR(VLOOKUP($A4,'1863'!$A$3:$F$140,6,FALSE),"") | H4: =IFERROR(VLOOKUP($A4,'1863'!$A$3:$G$140,7,FALSE),"") | I4: =IFERROR(VLOOKUP($A4,'1863'!$A$3:$H$140,8,FALSE),"") | J4: =IFERROR(VLOOKUP($A4,'1863'!$A$3:$I$140,9,FALSE),"") | K4: =IFERROR(VLOOKUP($A4,'1863'!$A$3:$J$140,10,FALSE),"") | L4: =IFERROR(VLOOKUP($A4,'1864'!$A$3:$B$140,2,FALSE),"") | M4: =IFERROR(VLOOKUP($A4,'1864'!$A$3:$C$140,3,FALSE),"") | N4: =IFERROR(VLOOKUP($A4,'1864'!$A$3:$D$140,4,FALSE),"") | O4: =IFERROR(VLOOKUP($A4,'1864'!$A$3:$E$140,5,FALSE),"") | P4: =IFERROR(VLOOKUP($A4,'1864'!$A$3:$F$140,6,FALSE),"") | Q4: =IFERROR(VLOOKUP($A4,'1864'!$A$3:$G$140,7,FALSE),"") | R4: =IFERROR(VLOOKUP($A4,'1864'!$A$3:$H$140,8,FALSE),"") | S4: =IFERROR(VLOOKUP($A4,'1864'!$A$3:$I$140,9,FALSE),"") | T4: =IFERROR(VLOOKUP($A4,'1864'!$A$3:$J$140,10,FALSE),"") | U4: =IFERROR(VLOOKUP($A4,'1865'!$A$3:$B$140,2,FALSE),"") | V4: =IFERROR(VLOOKUP($A4,'1865'!$A$3:$C$140,3,FALSE),"") | W4: =IFERROR(VLOOKUP($A4,'1865'!$A$3:$D$140,4,FALSE),"") | X4: =IFERROR(VLOOKUP($A4,'1865'!$A$3:$E$140,5,FALSE),"") | Y4: =IFERROR(VLOOKUP($A4,'1865'!$A$3:$F$140,6,FALSE),"") | Z4: =IFERROR(VLOOKUP($A4,'1865'!$A$3:$G$140,7,FALSE),"") | AA4: =IFERROR(VLOOKUP($A4,'1865'!$A$3:$H$140,8,FALSE),"") | AB4: =IFERROR(VLOOKUP($A4,'1865'!$A$3:$I$140,9,FALSE),"") | AC4: =IFERROR(VLOOKUP($A4,'1865'!$A$3:$J$140,10,FALSE),"") | AD4: =IFERROR(VLOOKUP($A4,'1866'!$A$3:$B$140,2,FALSE),"") | AE4: =IFERROR(VLOOKUP($A4,'1866'!$A$3:$C$140,3,FALSE),"") | AF4: =IFERROR(VLOOKUP($A4,'1866'!$A$3:$D$140,4,FALSE),"") | AG4: =IFERROR(VLOOKUP($A4,'1866'!$A$3:$E$140,5,FALSE),"") | AH4: =IFERROR(VLOOKUP($A4,'1866'!$A$3:$F$140,6,FALSE),"") | AI4: =IFERROR(VLOOKUP($A4,'1866'!$A$3:$G$140,7,FALSE),"") | AJ4: =IFERROR(VLOOKUP($A4,'1866'!$A$3:$H$140,8,FALSE),"") | AK4: =IFERROR(VLOOKUP($A4,'1866'!$A$3:$I$140,9,FALSE),"") | AL4: =IFERROR(VLOOKUP($A4,'1866'!$A$3:$J$140,10,FALSE),"") | AM4: =IFERROR(VLOOKUP($A4,'1867'!$A$3:$B$140,2,FALSE),"") | AN4: =IFERROR(VLOOKUP($A4,'1867'!$A$3:$C$140,3,FALSE),"") | AO4: =IFERROR(VLOOKUP($A4,'1867'!$A$3:$D$140,4,FALSE),"") | AP4: =IFERROR(VLOOKUP($A4,'1867'!$A$3:$E$140,5,FALSE),"") | AQ4: =IFERROR(VLOOKUP($A4,'1867'!$A$3:$F$140,6,FALSE),"") | AR4: =IFERROR(VLOOKUP($A4,'1867'!$A$3:$G$140,7,FALSE),"") | AS4: =IFERROR(VLOOKUP($A4,'1867'!$A$3:$H$140,8,FALSE),"") | AT4: =IFERROR(VLOOKUP($A4,'1867'!$A$3:$I$140,9,FALSE),"") | AU4: =IFERROR(VLOOKUP($A4,'1867'!$A$3:$J$140,10,FALSE),"") | AV4: =IFERROR(VLOOKUP($A4,'1868'!$A$3:$B$140,2,FALSE),"") | AW4: =IFERROR(VLOOKUP($A4,'1868'!$A$3:$C$140,3,FALSE),"") | AX4: =IFERROR(VLOOKUP($A4,'1868'!$A$3:$D$140,4,FALSE),"") | AY4: =IFERROR(VLOOKUP($A4,'1868'!$A$3:$E$140,5,FALSE),"") | AZ4: =IFERROR(VLOOKUP($A4,'1868'!$A$3:$F$140,6,FALSE),"") | BA4: =IFERROR(VLOOKUP($A4,'1868'!$A$3:$G$140,7,FALSE),"") | BB4: =IFERROR(VLOOKUP($A4,'1868'!$A$3:$H$140,8,FALSE),"") | BC4: =IFERROR(VLOOKUP($A4,'1868'!$A$3:$I$140,9,FALSE),"") | BD4: =IFERROR(VLOOKUP($A4,'1868'!$A$3:$J$140,10,FALSE),"") | BE4: =IFERROR(VLOOKUP($A4,'1869'!$A$3:$B$140,2,FALSE),"") | BF4: =IFERROR(VLOOKUP($A4,'1869'!$A$3:$C$140,3,FALSE),"") | BG4: =IFERROR(VLOOKUP($A4,'1869'!$A$3:$D$140,4,FALSE),"") | BH4: =IFERROR(VLOOKUP($A4,'1869'!$A$3:$E$140,5,FALSE),"") | BI4: =IFERROR(VLOOKUP($A4,'1869'!$A$3:$F$140,6,FALSE),"") | BJ4: =IFERROR(VLOOKUP($A4,'1869'!$A$3:$G$140,7,FALSE),"") | BK4: =IFERROR(VLOOKUP($A4,'1869'!$A$3:$H$140,8,FALSE),"") | BL4: =IFERROR(VLOOKUP($A4,'1869'!$A$3:$I$140,9,FALSE),"") | BM4: =IFERROR(VLOOKUP($A4,'1869'!$A$3:$J$140,10,FALSE),"") | BN4: =IFERROR(VLOOKUP($A4,'1870'!$A$3:$B$140,2,FALSE),"") -> 416 | BO4: =IFERROR(VLOOKUP($A4,'1870'!$A$3:$C$140,3,FALSE),"") -> 45800.86 | BP4: =IFERROR(VLOOKUP($A4,'1870'!$A$3:$D$140,4,FALSE),"") -> 0 | BQ4: =IFERROR(VLOOKUP($A4,'1870'!$A$3:$E$140,5,FALSE),"") -> 0 | BR4: =IFERROR(VLOOKUP($A4,'1870'!$A$3:$F$140,6,FALSE),"") -> 0 | BS4: =IFERROR(VLOOKUP($A4,'1870'!$A$3:$G$140,7,FALSE),"") -> 0 | BT4: =IFERROR(VLOOKUP($A4,'1870'!$A$3:$H$140,8,FALSE),"") -> 0 | BU4: =IFERROR(VLOOKUP($A4,'1870'!$A$3:$I$140,9,FALSE),"") -> 0 | BV4: =IFERROR(VLOOKUP($A4,'1870'!$A$3:$J$140,10,FALSE),"") -> 0 | BW4: =IFERROR(VLOOKUP($A4,'1871'!$A$3:$B$140,2,FALSE),"") -> 218 | BX4: =IFERROR(VLOOKUP($A4,'1871'!$A$3:$C$140,3,FALSE),"") -> 23935.93 | BY4: =IFERROR(VLOOKUP($A4,'1871'!$A$3:$D$140,4,FALSE),"") -> 0 | BZ4: =IFERROR(VLOOKUP($A4,'1871'!$A$3:$E$140,5,FALSE),"") -> 0 | CA4: =IFERROR(VLOOKUP($A4,'1871'!$A$3:$F$140,6,FALSE),"") -> 0 | CB4: =IFERROR(VLOOKUP($A4,'1871'!$A$3:$G$140,7,FALSE),"") -> 0 | CC4: =IFERROR(VLOOKUP($A4,'1871'!$A$3:$H$140,8,FALSE),"") -> 0 | CD4: =IFERROR(VLOOKUP($A4,'1871'!$A$3:$I$140,9,FALSE),"") -> 0 | CE4: =IFERROR(VLOOKUP($A4,'1871'!$A$3:$J$140,10,FALSE),"") -> 257.19 | CF4: =IFERROR(VLOOKUP($A4,'1872'!$A$3:$B$140,2,FALSE),"") -> 436 | CG4: =IFERROR(VLOOKUP($A4,'1872'!$A$3:$C$140,3,FALSE),"") -> 50672.8 | CH4: =IFERROR(VLOOKUP($A4,'1872'!$A$3:$D$140,4,FALSE),"") -> 0 | CI4: =IFERROR(VLOOKUP($A4,'1872'!$A$3:$E$140,5,FALSE),"") -> 0 | CJ4: =IFERROR(VLOOKUP($A4,'1872'!$A$3:$F$140,6,FALSE),"") -> 0 | CK4: =IFERROR(VLOOKUP($A4,'1872'!$A$3:$G$140,7,FALSE),"") -> 0 | CL4: =IFERROR(VLOOKUP($A4,'1872'!$A$3:$H$140,8,FALSE),"") -> 0 | CM4: =IFERROR(VLOOKUP($A4,'1872'!$A$3:$I$140,9,FALSE),"") -> 0 | CN4: =IFERROR(VLOOKUP($A4,'1872'!$A$3:$J$140,10,FALSE),"") -> 0 | CO4: =IFERROR(VLOOKUP($A4,'1873'!$A$3:$B$140,2,FALSE),"") -> 354 | CP4: =IFERROR(VLOOKUP($A4,'1873'!$A$3:$C$140,3,FALSE),"") -> 46204.62 | CQ4: =IFERROR(VLOOKUP($A4,'1873'!$A$3:$D$140,4,FALSE),"") -> 0 | CR4: =IFERROR(VLOOKUP($A4,'1873'!$A$3:$E$140,5,FALSE),"") -> 0 | CS4: =IFERROR(VLOOKUP($A4,'1873'!$A$3:$F$140,6,FALSE),"") -> 0 | CT4: =IFERROR(VLOOKUP($A4,'1873'!$A$3:$G$140,7,FALSE),"") -> 0 | CU4: =IFERROR(VLOOKUP($A4,'1873'!$A$3:$H$140,8,FALSE),"") -> 0 | CV4: =IFERROR(VLOOKUP($A4,'1873'!$A$3:$I$140,9,FALSE),"") -> 0 | CW4: =IFERROR(VLOOKUP($A4,'1873'!$A$3:$J$140,10,FALSE),"") -> 157.25 | CX4: =IFERROR(VLOOKUP($A4,'1874'!$A$3:$B$140,2,FALSE),"") -> 424 | CY4: =IFERROR(VLOOKUP($A4,'1874'!$A$3:$C$140,3,FALSE),"") -> 48898.94 | CZ4: =IFERROR(VLOOKUP($A4,'1874'!$A$3:$D$140,4,FALSE),"") -> 7 | DA4: =IFERROR(VLOOKUP($A4,'1874'!$A$3:$E$140,5,FALSE),"") -> 762.42 | DB4: =IFERROR(VLOOKUP($A4,'1874'!$A$3:$F$140,6,FALSE),"") -> 0 | DC4: =IFERROR(VLOOKUP($A4,'1874'!$A$3:$G$140,7,FALSE),"") -> 0 | DD4: =IFERROR(VLOOKUP($A4,'1874'!$A$3:$H$140,8,FALSE),"") -> 0 | DE4: =IFERROR(VLOOKUP($A4,'1874'!$A$3:$I$140,9,FALSE),"") -> 0 | DF4: =IFERROR(VLOOKUP($A4,'1874'!$A$3:$J$140,10,FALSE),"") -> 0 | DG4: =IFERROR(VLOOKUP($A4,'1875'!$A$3:$B$140,2,FALSE),"") -> 196 | DH4: =IFERROR(VLOOKUP($A4,'1875'!$A$3:$C$140,3,FALSE),"") -> 18742.45 | DI4: =IFERROR(VLOOKUP($A4,'1875'!$A$3:$D$140,4,FALSE),"") -> 112 | DJ4: =IFERROR(VLOOKUP($A4,'1875'!$A$3:$E$140,5,FALSE),"") -> 11583.47 | DK4: =IFERROR(VLOOKUP($A4,'1875'!$A$3:$F$140,6,FALSE),"") -> 0 | DL4: =IFERROR(VLOOKUP($A4,'1875'!$A$3:$G$140,7,FALSE),"") -> 0 | DM4: =IFERROR(VLOOKUP($A4,'1875'!$A$3:$H$140,8,FALSE),"") -> 0 | DN4: =IFERROR(VLOOKUP($A4,'1875'!$A$3:$I$140,9,FALSE),"") -> 0 | DO4: =IFERROR(VLOOKUP($A4,'1875'!$A$3:$J$140,10,FALSE),"") -> 0 | DP4: =IFERROR(VLOOKUP($A4,'1876'!$A$3:$B$140,2,FALSE),"") -> 431 | DQ4: =IFERROR(VLOOKUP($A4,'1876'!$A$3:$C$140,3,FALSE),"") -> 44431.12 | DR4: =IFERROR(VLOOKUP($A4,'1876'!$A$3:$D$140,4,FALSE),"") -> 87 | DS4: =IFERROR(VLOOKUP($A4,'1876'!$A$3:$E$140,5,FALSE),"") -> 9147.71 | DT4: =IFERROR(VLOOKUP($A4,'1876'!$A$3:$F$140,6,FALSE),"") -> 0 | DU4: =IFERROR(VLOOKUP($A4,'1876'!$A$3:$G$140,7,FALSE),"") -> 0 | DV4: =IFERROR(VLOOKUP($A4,'1876'!$A$3:$H$140,8,FALSE),"") -> 0 | DW4: =IFERROR(VLOOKUP($A4,'1876'!$A$3:$I$140,9,FALSE),"") -> 0 | DX4: =IFERROR(VLOOKUP($A4,'1876'!$A$3:$J$140,10,FALSE),"") -> 0 | DY4: =IFERROR(VLOOKUP($A4,'1877'!$A$3:$B$140,2,FALSE),"") -> 167 | DZ4: =IFERROR(VLOOKUP($A4,'1877'!$A$3:$C$140,3,FALSE),"") -> 16273.9 | EA4: =IFERROR(VLOOKUP($A4,'1877'!$A$3:$D$140,4,FALSE),"") -> 128 | EB4: =IFERROR(VLOOKUP($A4,'1877'!$A$3:$E$140,5,FALSE),"") -> 13605.7 | EC4: =IFERROR(VLOOKUP($A4,'1877'!$A$3:$F$140,6,FALSE),"") -> 0 | ED4: =IFERROR(VLOOKUP($A4,'1877'!$A$3:$G$140,7,FALSE),"") -> 0 | EE4: =IFERROR(VLOOKUP($A4,'1877'!$A$3:$H$140,8,FALSE),"") -> 0 | EF4: =IFERROR(VLOOKUP($A4,'1877'!$A$3:$I$140,9,FALSE),"") -> 0 | EG4: =IFERROR(VLOOKUP($A4,'1877'!$A$3:$J$140,10,FALSE),"") -> 0 | EH4: =IFERROR(VLOOKUP($A4,'1878'!$A$3:$B$140,2,FALSE),"") -> 196 | EI4: =IFERROR(VLOOKUP($A4,'1878'!$A$3:$C$140,3,FALSE),"") -> 22899.04 | EJ4: =IFERROR(VLOOKUP($A4,'1878'!$A$3:$D$140,4,FALSE),"") -> 96 | EK4: =IFERROR(VLOOKUP($A4,'1878'!$A$3:$E$140,5,FALSE),"") -> 10796.9 | EL4: =IFERROR(VLOOKUP($A4,'1878'!$A$3:$F$140,6,FALSE),"") -> 0 | EM4: =IFERROR(VLOOKUP($A4,'1878'!$A$3:$G$140,7,FALSE),"") -> 0 | EN4: =IFERROR(VLOOKUP($A4,'1878'!$A$3:$H$140,8,FALSE),"") -> 0 | EO4: =IFERROR(VLOOKUP($A4,'1878'!$A$3:$I$140,9,FALSE),"") -> 0 | EP4: =IFERROR(VLOOKUP($A4,'1878'!$A$3:$J$140,10,FALSE),"") -> 0 | EQ4: =IFERROR(VLOOKUP($A4,'1879'!$A$3:$B$140,2,FALSE),"") -> 553 | ER4: =IFERROR(VLOOKUP($A4,'1879'!$A$3:$C$140,3,FALSE),"") -> 52149.38 | ES4: =IFERROR(VLOOKUP($A4,'1879'!$A$3:$D$140,4,FALSE),"") -> 262 | ET4: =IFERROR(VLOOKUP($A4,'1879'!$A$3:$E$140,5,FALSE),"") -> 24442.01 | EU4: =IFERROR(VLOOKUP($A4,'1879'!$A$3:$F$140,6,FALSE),"") -> 0 | EV4: =IFERROR(VLOOKUP($A4,'1879'!$A$3:$G$140,7,FALSE),"") -> 0 | EW4: =IFERROR(VLOOKUP($A4,'1879'!$A$3:$H$140,8,FALSE),"") -> 0 | EX4: =IFERROR(VLOOKUP($A4,'1879'!$A$3:$I$140,9,FALSE),"") -> 0 | EY4: =IFERROR(VLOOKUP($A4,'1879'!$A$3:$J$140,10,FALSE),"") -> 0 | EZ4: =IFERROR(VLOOKUP($A4,'1880'!$A$3:$B$140,2,FALSE),"") | FA4: =IFERROR(VLOOKUP($A4,'1880'!$A$3:$C$140,3,FALSE),"") | FB4: =IFERROR(VLOOKUP($A4,'1880'!$A$3:$D$140,4,FALSE),"") | FC4: =IFERROR(VLOOKUP($A4,'1880'!$A$3:$E$140,5,FALSE),"") | FD4: =IFERROR(VLOOKUP($A4,'1880'!$A$3:$F$140,6,FALSE),"") | FE4: =IFERROR(VLOOKUP($A4,'1880'!$A$3:$G$140,7,FALSE),"") | FF4: =IFERROR(VLOOKUP($A4,'1880'!$A$3:$H$140,8,FALSE),"") | FG4: =IFERROR(VLOOKUP($A4,'1880'!$A$3:$I$140,9,FALSE),"") | FH4: =IFERROR(VLOOKUP($A4,'1880'!$A$3:$J$140,10,FALSE),"") | FI4: =IFERROR(VLOOKUP($A4,'1881'!$A$3:$B$140,2,FALSE),"") | FJ4: =IFERROR(VLOOKUP($A4,'1881'!$A$3:$C$140,3,FALSE),"") | FK4: =IFERROR(VLOOKUP($A4,'1881'!$A$3:$D$140,4,FALSE),"") | FL4: =IFERROR(VLOOKUP($A4,'1881'!$A$3:$E$140,5,FALSE),"") | FM4: =IFERROR(VLOOKUP($A4,'1881'!$A$3:$F$140,6,FALSE),"") | FN4: =IFERROR(VLOOKUP($A4,'1881'!$A$3:$G$140,7,FALSE),"") | FO4: =IFERROR(VLOOKUP($A4,'1881'!$A$3:$H$140,8,FALSE),"") | FP4: =IFERROR(VLOOKUP($A4,'1881'!$A$3:$I$140,9,FALSE),"") | FQ4: =IFERROR(VLOOKUP($A4,'1881'!$A$3:$J$140,10,FALSE),"") | FR4: =IFERROR(VLOOKUP($A4,'1882'!$A$3:$B$140,2,FALSE),"") | FS4: =IFERROR(VLOOKUP($A4,'1882'!$A$3:$C$140,3,FALSE),"") | FT4: =IFERROR(VLOOKUP($A4,'1882'!$A$3:$D$140,4,FALSE),"") | FU4: =IFERROR(VLOOKUP($A4,'1882'!$A$3:$E$140,5,FALSE),"") | FV4: =IFERROR(VLOOKUP($A4,'1882'!$A$3:$F$140,6,FALSE),"") | FW4: =IFERROR(VLOOKUP($A4,'1882'!$A$3:$G$140,7,FALSE),"") | FX4: =IFERROR(VLOOKUP($A4,'1882'!$A$3:$H$140,8,FALSE),"") | FY4: =IFERROR(VLOOKUP($A4,'1882'!$A$3:$I$140,9,FALSE),"") | FZ4: =IFERROR(VLOOKUP($A4,'1882'!$A$3:$J$140,10,FALSE),"") | GA4: =IFERROR(VLOOKUP($A4,'1883'!$A$3:$B$140,2,FALSE),"") | GB4: =IFERROR(VLOOKUP($A4,'1883'!$A$3:$C$140,3,FALSE),"") | GC4: =IFERROR(VLOOKUP($A4,'1883'!$A$3:$D$140,4,FALSE),"") | GD4: =IFERROR(VLOOKUP($A4,'1883'!$A$3:$E$140,5,FALSE),"") | GE4: =IFERROR(VLOOKUP($A4,'1883'!$A$3:$F$140,6,FALSE),"") | GF4: =IFERROR(VLOOKUP($A4,'1883'!$A$3:$G$140,7,FALSE),"") | GG4: =IFERROR(VLOOKUP($A4,'1883'!$A$3:$H$140,8,FALSE),"") | GH4: =IFERROR(VLOOKUP($A4,'1883'!$A$3:$I$140,9,FALSE),"") | GI4: =IFERROR(VLOOKUP($A4,'1883'!$A$3:$J$140,10,FALSE),"") | GJ4: =IFERROR(VLOOKUP($A4,'1884'!$A$3:$B$140,2,FALSE),"") | GK4: =IFERROR(VLOOKUP($A4,'1884'!$A$3:$C$140,3,FALSE),"") | GL4: =IFERROR(VLOOKUP($A4,'1884'!$A$3:$D$140,4,FALSE),"") | GM4: =IFERROR(VLOOKUP($A4,'1884'!$A$3:$E$140,5,FALSE),"") | GN4: =IFERROR(VLOOKUP($A4,'1884'!$A$3:$F$140,6,FALSE),"") | GO4: =IFERROR(VLOOKUP($A4,'1884'!$A$3:$G$140,7,FALSE),"") | GP4: =IFERROR(VLOOKUP($A4,'1884'!$A$3:$H$140,8,FALSE),"") | GQ4: =IFERROR(VLOOKUP($A4,'1884'!$A$3:$I$140,9,FALSE),"") | GR4: =IFERROR(VLOOKUP($A4,'1884'!$A$3:$J$140,10,FALSE),"") | GS4: =IFERROR(VLOOKUP($A4,'1885'!$A$3:$B$140,2,FALSE),"") | GT4: =IFERROR(VLOOKUP($A4,'1885'!$A$3:$C$140,3,FALSE),"") | GU4: =IFERROR(VLOOKUP($A4,'1885'!$A$3:$D$140,4,FALSE),"") | GV4: =IFERROR(VLOOKUP($A4,'1885'!$A$3:$E$140,5,FALSE),"") | GW4: =IFERROR(VLOOKUP($A4,'1885'!$A$3:$F$140,6,FALSE),"") | GX4: =IFERROR(VLOOKUP($A4,'1885'!$A$3:$G$140,7,FALSE),"") | GY4: =IFERROR(VLOOKUP($A4,'1885'!$A$3:$H$140,8,FALSE),"") | GZ4: =IFERROR(VLOOKUP($A4,'1885'!$A$3:$I$140,9,FALSE),"") | HA4: =IFERROR(VLOOKUP($A4,'1885'!$A$3:$J$140,10,FALSE),"") | HB4: =IFERROR(VLOOKUP($A4,'1886'!$A$3:$B$140,2,FALSE),"") | HC4: =IFERROR(VLOOKUP($A4,'1886'!$A$3:$C$140,3,FALSE),"") | HD4: =IFERROR(VLOOKUP($A4,'1886'!$A$3:$D$140,4,FALSE),"") | HE4: =IFERROR(VLOOKUP($A4,'1886'!$A$3:$E$140,5,FALSE),"") | HF4: =IFERROR(VLOOKUP($A4,'1886'!$A$3:$F$140,6,FALSE),"") | HG4: =IFERROR(VLOOKUP($A4,'1886'!$A$3:$G$140,7,FALSE),"") | HH4: =IFERROR(VLOOKUP($A4,'1886'!$A$3:$H$140,8,FALSE),"") | HI4: =IFERROR(VLOOKUP($A4,'1886'!$A$3:$I$140,9,FALSE),"") | HJ4: =IFERROR(VLOOKUP($A4,'1886'!$A$3:$J$140,10,FALSE),"") | HK4: =IFERROR(VLOOKUP($A4,'1887'!$A$3:$B$140,2,FALSE),"") | HL4: =IFERROR(VLOOKUP($A4,'1887'!$A$3:$C$140,3,FALSE),"") | HM4: =IFERROR(VLOOKUP($A4,'1887'!$A$3:$D$140,4,FALSE),"") | HN4: =IFERROR(VLOOKUP($A4,'1887'!$A$3:$E$140,5,FALSE),"") | HO4: =IFERROR(VLOOKUP($A4,'1887'!$A$3:$F$140,6,FALSE),"") | HP4: =IFERROR(VLOOKUP($A4,'1887'!$A$3:$G$140,7,FALSE),"") | HQ4: =IFERROR(VLOOKUP($A4,'1887'!$A$3:$H$140,8,FALSE),"") | HR4: =IFERROR(VLOOKUP($A4,'1887'!$A$3:$I$140,9,FALSE),"") | HS4: =IFERROR(VLOOKUP($A4,'1887'!$A$3:$J$140,10,FALSE),"") | HT4: =IFERROR(VLOOKUP($A4,'1888'!$A$3:$B$140,2,FALSE),"") | HU4: =IFERROR(VLOOKUP($A4,'1888'!$A$3:$C$140,3,FALSE),"") | HV4: =IFERROR(VLOOKUP($A4,'1888'!$A$3:$D$140,4,FALSE),"") | HW4: =IFERROR(VLOOKUP($A4,'1888'!$A$3:$E$140,5,FALSE),"") | HX4: =IFERROR(VLOOKUP($A4,'1888'!$A$3:$F$140,6,FALSE),"") | HY4: =IFERROR(VLOOKUP($A4,'1888'!$A$3:$G$140,7,FALSE),"") | HZ4: =IFERROR(VLOOKUP($A4,'1888'!$A$3:$H$140,8,FALSE),"") | IA4: =IFERROR(VLOOKUP($A4,'1888'!$A$3:$I$140,9,FALSE),"") | IB4: =IFERROR(VLOOKUP($A4,'1888'!$A$3:$J$140,10,FALSE),"") | IC4: =IFERROR(VLOOKUP($A4,'1889'!$A$3:$B$140,2,FALSE),"") | ID4: =IFERROR(VLOOKUP($A4,'1889'!$A$3:$C$140,3,FALSE),"") | IE4: =IFERROR(VLOOKUP($A4,'1889'!$A$3:$D$140,4,FALSE),"") | IF4: =IFERROR(VLOOKUP($A4,'1889'!$A$3:$E$140,5,FALSE),"") | IG4: =IFERROR(VLOOKUP($A4,'1889'!$A$3:$F$140,6,FALSE),"") | IH4: =IFERROR(VLOOKUP($A4,'1889'!$A$3:$G$140,7,FALSE),"") | II4: =IFERROR(VLOOKUP($A4,'1889'!$A$3:$H$140,8,FALSE),"") | IJ4: =IFERROR(VLOOKUP($A4,'1889'!$A$3:$I$140,9,FALSE),"") | IK4: =IFERROR(VLOOKUP($A4,'1889'!$A$3:$J$140,10,FALSE),"") | IL4: =IFERROR(VLOOKUP($A4,'1890'!$A$3:$B$140,2,FALSE),"") | IM4: =IFERROR(VLOOKUP($A4,'1890'!$A$3:$C$140,3,FALSE),"") | IN4: =IFERROR(VLOOKUP($A4,'1890'!$A$3:$D$140,4,FALSE),"") | IO4: =IFERROR(VLOOKUP($A4,'1890'!$A$3:$E$140,5,FALSE),"") | IP4: =IFERROR(VLOOKUP($A4,'1890'!$A$3:$F$140,6,FALSE),"") | IQ4: =IFERROR(VLOOKUP($A4,'1890'!$A$3:$G$140,7,FALSE),"") | IR4: =IFERROR(VLOOKUP($A4,'1890'!$A$3:$H$140,8,FALSE),"") | IS4: =IFERROR(VLOOKUP($A4,'1890'!$A$3:$I$140,9,FALSE),"") | IT4: =IFERROR(VLOOKUP($A4,'1890'!$A$3:$J$140,10,FALSE),"") | IU4: =IFERROR(VLOOKUP($A4,'1891'!$A$3:$B$140,2,FALSE),"") | IV4: =IFERROR(VLOOKUP($A4,'1891'!$A$3:$C$140,3,FALSE),"") | IW4: =IFERROR(VLOOKUP($A4,'1891'!$A$3:$D$140,4,FALSE),"") | IX4: =IFERROR(VLOOKUP($A4,'1891'!$A$3:$E$140,5,FALSE),"") | IY4: =IFERROR(VLOOKUP($A4,'1891'!$A$3:$F$140,6,FALSE),"") | IZ4: =IFERROR(VLOOKUP($A4,'1891'!$A$3:$G$140,7,FALSE),"") | JA4: =IFERROR(VLOOKUP($A4,'1891'!$A$3:$H$140,8,FALSE),"") | JB4: =IFERROR(VLOOKUP($A4,'1891'!$A$3:$I$140,9,FALSE),"") | JC4: =IFERROR(VLOOKUP($A4,'1891'!$A$3:$J$140,10,FALSE),"") | JD4: =IFERROR(VLOOKUP($A4,'1892'!$A$3:$B$140,2,FALSE),"") | JE4: =IFERROR(VLOOKUP($A4,'1892'!$A$3:$C$140,3,FALSE),"") | JF4: =IFERROR(VLOOKUP($A4,'1892'!$A$3:$D$140,4,FALSE),"") | JG4: =IFERROR(VLOOKUP($A4,'1892'!$A$3:$E$140,5,FALSE),"") | JH4: =IFERROR(VLOOKUP($A4,'1892'!$A$3:$F$140,6,FALSE),"") | JI4: =IFERROR(VLOOKUP($A4,'1892'!$A$3:$G$140,7,FALSE),"") | JJ4: =IFERROR(VLOOKUP($A4,'1892'!$A$3:$H$140,8,FALSE),"") | JK4: =IFERROR(VLOOKUP($A4,'1892'!$A$3:$I$140,9,FALSE),"") | JL4: =IFERROR(VLOOKUP($A4,'1892'!$A$3:$J$140,10,FALSE),"") | JM4: =IFERROR(VLOOKUP($A4,'1893'!$A$3:$B$140,2,FALSE),"") | JN4: =IFERROR(VLOOKUP($A4,'1893'!$A$3:$C$140,3,FALSE),"") | JO4: =IFERROR(VLOOKUP($A4,'1893'!$A$3:$D$140,4,FALSE),"") | JP4: =IFERROR(VLOOKUP($A4,'1893'!$A$3:$E$140,5,FALSE),"") | JQ4: =IFERROR(VLOOKUP($A4,'1893'!$A$3:$F$140,6,FALSE),"") | JR4: =IFERROR(VLOOKUP($A4,'1893'!$A$3:$G$140,7,FALSE),"") | JS4: =IFERROR(VLOOKUP($A4,'1893'!$A$3:$H$140,8,FALSE),"") | JT4: =IFERROR(VLOOKUP($A4,'1893'!$A$3:$I$140,9,FALSE),"") | JU4: =IFERROR(VLOOKUP($A4,'1893'!$A$3:$J$140,10,FALSE),"") | JV4: =IFERROR(VLOOKUP($A4,'1894'!$A$3:$B$140,2,FALSE),"") | JW4: =IFERROR(VLOOKUP($A4,'1894'!$A$3:$C$140,3,FALSE),"") | JX4: =IFERROR(VLOOKUP($A4,'1894'!$A$3:$D$140,4,FALSE),"") | JY4: =IFERROR(VLOOKUP($A4,'1894'!$A$3:$E$140,5,FALSE),"") | JZ4: =IFERROR(VLOOKUP($A4,'1894'!$A$3:$F$140,6,FALSE),"") | KA4: =IFERROR(VLOOKUP($A4,'1894'!$A$3:$G$140,7,FALSE),"") | KB4: =IFERROR(VLOOKUP($A4,'1894'!$A$3:$H$140,8,FALSE),"") | KC4: =IFERROR(VLOOKUP($A4,'1894'!$A$3:$I$140,9,FALSE),"") | KD4: =IFERROR(VLOOKUP($A4,'1894'!$A$3:$J$140,10,FALSE),"") | KE4: =IFERROR(VLOOKUP($A4,'1895'!$A$3:$B$140,2,FALSE),"") | KF4: =IFERROR(VLOOKUP($A4,'1895'!$A$3:$C$140,3,FALSE),"") | KG4: =IFERROR(VLOOKUP($A4,'1895'!$A$3:$D$140,4,FALSE),"") | KH4: =IFERROR(VLOOKUP($A4,'1895'!$A$3:$E$140,5,FALSE),"") | KI4: =IFERROR(VLOOKUP($A4,'1895'!$A$3:$F$140,6,FALSE),"") | KJ4: =IFERROR(VLOOKUP($A4,'1895'!$A$3:$G$140,7,FALSE),"") | KK4: =IFERROR(VLOOKUP($A4,'1895'!$A$3:$H$140,8,FALSE),"") | KL4: =IFERROR(VLOOKUP($A4,'1895'!$A$3:$I$140,9,FALSE),"") | KM4: =IFERROR(VLOOKUP($A4,'1895'!$A$3:$J$140,10,FALSE),"") | KN4: =IFERROR(VLOOKUP($A4,'1896'!$A$3:$B$140,2,FALSE),"") | KO4: =IFERROR(VLOOKUP($A4,'1896'!$A$3:$C$140,3,FALSE),"") | KP4: =IFERROR(VLOOKUP($A4,'1896'!$A$3:$D$140,4,FALSE),"") | KQ4: =IFERROR(VLOOKUP($A4,'1896'!$A$3:$E$140,5,FALSE),"") | KR4: =IFERROR(VLOOKUP($A4,'1896'!$A$3:$F$140,6,FALSE),"") | KS4: =IFERROR(VLOOKUP($A4,'1896'!$A$3:$G$140,7,FALSE),"") | KT4: =IFERROR(VLOOKUP($A4,'1896'!$A$3:$H$140,8,FALSE),"") | KU4: =IFERROR(VLOOKUP($A4,'1896'!$A$3:$I$140,9,FALSE),"") | KV4: =IFERROR(VLOOKUP($A4,'1896'!$A$3:$J$140,10,FALSE),"") | KW4: =IFERROR(VLOOKUP($A4,'1897'!$A$3:$B$140,2,FALSE),"") | KX4: =IFERROR(VLOOKUP($A4,'1897'!$A$3:$C$140,3,FALSE),"") | KY4: =IFERROR(VLOOKUP($A4,'1897'!$A$3:$D$140,4,FALSE),"") | KZ4: =IFERROR(VLOOKUP($A4,'1897'!$A$3:$E$140,5,FALSE),"") | LA4: =IFERROR(VLOOKUP($A4,'1897'!$A$3:$F$140,6,FALSE),"") | LB4: =IFERROR(VLOOKUP($A4,'1897'!$A$3:$G$140,7,FALSE),"") | LC4: =IFERROR(VLOOKUP($A4,'1897'!$A$3:$H$140,8,FALSE),"") | LD4: =IFERROR(VLOOKUP($A4,'1897'!$A$3:$I$140,9,FALSE),"") | LE4: =IFERROR(VLOOKUP($A4,'1897'!$A$3:$J$140,10,FALSE),"") | LF4: =IFERROR(VLOOKUP($A4,'1898'!$A$3:$B$140,2,FALSE),"") | LG4: =IFERROR(VLOOKUP($A4,'1898'!$A$3:$C$140,3,FALSE),"") | LH4: =IFERROR(VLOOKUP($A4,'1898'!$A$3:$D$140,4,FALSE),"") | LI4: =IFERROR(VLOOKUP($A4,'1898'!$A$3:$E$140,5,FALSE),"") | LJ4: =IFERROR(VLOOKUP($A4,'1898'!$A$3:$F$140,6,FALSE),"") | LK4: =IFERROR(VLOOKUP($A4,'1898'!$A$3:$G$140,7,FALSE),"") | LL4: =IFERROR(VLOOKUP($A4,'1898'!$A$3:$H$140,8,FALSE),"") | LM4: =IFERROR(VLOOKUP($A4,'1898'!$A$3:$I$140,9,FALSE),"") | LN4: =IFERROR(VLOOKUP($A4,'1898'!$A$3:$J$140,10,FALSE),"") | LO4: =IFERROR(VLOOKUP($A4,'1899'!$A$3:$B$140,2,FALSE),"") | LP4: =IFERROR(VLOOKUP($A4,'1899'!$A$3:$C$140,3,FALSE),"") | LQ4: =IFERROR(VLOOKUP($A4,'1899'!$A$3:$D$140,4,FALSE),"") | LR4: =IFERROR(VLOOKUP($A4,'1899'!$A$3:$E$140,5,FALSE),"") | LS4: =IFERROR(VLOOKUP($A4,'1899'!$A$3:$F$140,6,FALSE),"") | LT4: =IFERROR(VLOOKUP($A4,'1899'!$A$3:$G$140,7,FALSE),"") | LU4: =IFERROR(VLOOKUP($A4,'1899'!$A$3:$H$140,8,FALSE),"") | LV4: =IFERROR(VLOOKUP($A4,'1899'!$A$3:$I$140,9,FALSE),"") | LW4: =IFERROR(VLOOKUP($A4,'1899'!$A$3:$J$140,10,FALSE),"") | LX4: =IFERROR(VLOOKUP($A4,'1900'!$A$3:$B$140,2,FALSE),"") | LY4: =IFERROR(VLOOKUP($A4,'1900'!$A$3:$C$140,3,FALSE),"") | LZ4: =IFERROR(VLOOKUP($A4,'1900'!$A$3:$D$140,4,FALSE),"") | MA4: =IFERROR(VLOOKUP($A4,'1900'!$A$3:$E$140,5,FALSE),"") | MB4: =IFERROR(VLOOKUP($A4,'1900'!$A$3:$F$140,6,FALSE),"") | MC4: =IFERROR(VLOOKUP($A4,'1900'!$A$3:$G$140,7,FALSE),"") | MD4: =IFERROR(VLOOKUP($A4,'1900'!$A$3:$H$140,8,FALSE),"") | ME4: =IFERROR(VLOOKUP($A4,'1900'!$A$3:$I$140,9,FALSE),"") | MF4: =IFERROR(VLOOKUP($A4,'1900'!$A$3:$J$140,10,FALSE),"") | MG4: =IFERROR(VLOOKUP($A4,'1901'!$A$3:$B$140,2,FALSE),"") | MH4: =IFERROR(VLOOKUP($A4,'1901'!$A$3:$C$140,3,FALSE),"") | MI4: =IFERROR(VLOOKUP($A4,'1901'!$A$3:$D$140,4,FALSE),"") | MJ4: =IFERROR(VLOOKUP($A4,'1901'!$A$3:$E$140,5,FALSE),"") | MK4: =IFERROR(VLOOKUP($A4,'1901'!$A$3:$F$140,6,FALSE),"") | ML4: =IFERROR(VLOOKUP($A4,'1901'!$A$3:$G$140,7,FALSE),"") | MM4: =IFERROR(VLOOKUP($A4,'1901'!$A$3:$H$140,8,FALSE),"") | MN4: =IFERROR(VLOOKUP($A4,'1901'!$A$3:$I$140,9,FALSE),"") | MO4: =IFERROR(VLOOKUP($A4,'1901'!$A$3:$J$140,10,FALSE),"") | MP4: =IFERROR(VLOOKUP($A4,'1902'!$A$3:$B$140,2,FALSE),"") | MQ4: =IFERROR(VLOOKUP($A4,'1902'!$A$3:$C$140,3,FALSE),"") | MR4: =IFERROR(VLOOKUP($A4,'1902'!$A$3:$D$140,4,FALSE),"") | MS4: =IFERROR(VLOOKUP($A4,'1902'!$A$3:$E$140,5,FALSE),"") | MT4: =IFERROR(VLOOKUP($A4,'1902'!$A$3:$F$140,6,FALSE),"") | MU4: =IFERROR(VLOOKUP($A4,'1902'!$A$3:$G$140,7,FALSE),"") | MV4: =IFERROR(VLOOKUP($A4,'1902'!$A$3:$H$140,8,FALSE),"") | MW4: =IFERROR(VLOOKUP($A4,'1902'!$A$3:$I$140,9,FALSE),"") | MX4: =IFERROR(VLOOKUP($A4,'1902'!$A$3:$J$140,10,FALSE),"") | MY4: =IFERROR(VLOOKUP($A4,'1903'!$A$3:$B$140,2,FALSE),"") | MZ4: =IFERROR(VLOOKUP($A4,'1903'!$A$3:$C$140,3,FALSE),"") | NA4: =IFERROR(VLOOKUP($A4,'1903'!$A$3:$D$140,4,FALSE),"") | NB4: =IFERROR(VLOOKUP($A4,'1903'!$A$3:$E$140,5,FALSE),"") | NC4: =IFERROR(VLOOKUP($A4,'1903'!$A$3:$F$140,6,FALSE),"") | ND4: =IFERROR(VLOOKUP($A4,'1903'!$A$3:$G$140,7,FALSE),"") | NE4: =IFERROR(VLOOKUP($A4,'1903'!$A$3:$H$140,8,FALSE),"") | NF4: =IFERROR(VLOOKUP($A4,'1903'!$A$3:$I$140,9,FALSE),"") | NG4: =IFERROR(VLOOKUP($A4,'1903'!$A$3:$J$140,10,FALSE),"") | NH4: =IFERROR(VLOOKUP($A4,'1904'!$A$3:$B$140,2,FALSE),"") | NI4: =IFERROR(VLOOKUP($A4,'1904'!$A$3:$C$140,3,FALSE),"") | NJ4: =IFERROR(VLOOKUP($A4,'1904'!$A$3:$D$140,4,FALSE),"") | NK4: =IFERROR(VLOOKUP($A4,'1904'!$A$3:$E$140,5,FALSE),"") | NL4: =IFERROR(VLOOKUP($A4,'1904'!$A$3:$F$140,6,FALSE),"") | NM4: =IFERROR(VLOOKUP($A4,'1904'!$A$3:$G$140,7,FALSE),"") | NN4: =IFERROR(VLOOKUP($A4,'1904'!$A$3:$H$140,8,FALSE),"") | NO4: =IFERROR(VLOOKUP($A4,'1904'!$A$3:$I$140,9,FALSE),"") | NP4: =IFERROR(VLOOKUP($A4,'1904'!$A$3:$J$140,10,FALSE),"") | NQ4: =IFERROR(VLOOKUP($A4,'1905'!$A$3:$B$140,2,FALSE),"") | NR4: =IFERROR(VLOOKUP($A4,'1905'!$A$3:$C$140,3,FALSE),"") | NS4: =IFERROR(VLOOKUP($A4,'1905'!$A$3:$D$140,4,FALSE),"") | NT4: =IFERROR(VLOOKUP($A4,'1905'!$A$3:$E$140,5,FALSE),"") | NU4: =IFERROR(VLOOKUP($A4,'1905'!$A$3:$F$140,6,FALSE),"") | NV4: =IFERROR(VLOOKUP($A4,'1905'!$A$3:$G$140,7,FALSE),"") | NW4: =IFERROR(VLOOKUP($A4,'1905'!$A$3:$H$140,8,FALSE),"") | NX4: =IFERROR(VLOOKUP($A4,'1905'!$A$3:$I$140,9,FALSE),"") | NY4: =IFERROR(VLOOKUP($A4,'1905'!$A$3:$J$140,10,FALSE),"") | NZ4: =IFERROR(VLOOKUP($A4,'1906'!$A$3:$B$140,2,FALSE),"") | OA4: =IFERROR(VLOOKUP($A4,'1906'!$A$3:$C$140,3,FALSE),"") | OB4: =IFERROR(VLOOKUP($A4,'1906'!$A$3:$D$140,4,FALSE),"") | OC4: =IFERROR(VLOOKUP($A4,'1906'!$A$3:$E$140,5,FALSE),"") | OD4: =IFERROR(VLOOKUP($A4,'1906'!$A$3:$F$140,6,FALSE),"") | OE4: =IFERROR(VLOOKUP($A4,'1906'!$A$3:$G$140,7,FALSE),"") | OF4: =IFERROR(VLOOKUP($A4,'1906'!$A$3:$H$140,8,FALSE),"") | OG4: =IFERROR(VLOOKUP($A4,'1906'!$A$3:$I$140,9,FALSE),"") | OH4: =IFERROR(VLOOKUP($A4,'1906'!$A$3:$J$140,10,FALSE),"") | OI4: =IFERROR(VLOOKUP($A4,'1907'!$A$3:$B$140,2,FALSE),"") | OJ4: =IFERROR(VLOOKUP($A4,'1907'!$A$3:$C$140,3,FALSE),"") | OK4: =IFERROR(VLOOKUP($A4,'1907'!$A$3:$D$140,4,FALSE),"") | OL4: =IFERROR(VLOOKUP($A4,'1907'!$A$3:$E$140,5,FALSE),"") | OM4: =IFERROR(VLOOKUP($A4,'1907'!$A$3:$F$140,6,FALSE),"") | ON4: =IFERROR(VLOOKUP($A4,'1907'!$A$3:$G$140,7,FALSE),"") | OO4: =IFERROR(VLOOKUP($A4,'1907'!$A$3:$H$140,8,FALSE),"") | OP4: =IFERROR(VLOOKUP($A4,'1907'!$A$3:$I$140,9,FALSE),"") | OQ4: =IFERROR(VLOOKUP($A4,'1907'!$A$3:$J$140,10,FALSE),"") | OR4: =IFERROR(VLOOKUP($A4,'1908'!$A$3:$B$140,2,FALSE),"") | OS4: =IFERROR(VLOOKUP($A4,'1908'!$A$3:$C$140,3,FALSE),"") | OT4: =IFERROR(VLOOKUP($A4,'1908'!$A$3:$D$140,4,FALSE),"") | OU4: =IFERROR(VLOOKUP($A4,'1908'!$A$3:$E$140,5,FALSE),"") | OV4: =IFERROR(VLOOKUP($A4,'1908'!$A$3:$F$140,6,FALSE),"") | OW4: =IFERROR(VLOOKUP($A4,'1908'!$A$3:$G$140,7,FALSE),"") | OX4: =IFERROR(VLOOKUP($A4,'1908'!$A$3:$H$140,8,FALSE),"") | OY4: =IFERROR(VLOOKUP($A4,'1908'!$A$3:$I$140,9,FALSE),"") | OZ4: =IFERROR(VLOOKUP($A4,'1908'!$A$3:$J$140,10,FALSE),"") | PA4: =IFERROR(VLOOKUP($A4,'1909'!$A$3:$B$140,2,FALSE),"") | PB4: =IFERROR(VLOOKUP($A4,'1909'!$A$3:$C$140,3,FALSE),"") | PC4: =IFERROR(VLOOKUP($A4,'1909'!$A$3:$D$140,4,FALSE),"") | PD4: =IFERROR(VLOOKUP($A4,'1909'!$A$3:$E$140,5,FALSE),"") | PE4: =IFERROR(VLOOKUP($A4,'1909'!$A$3:$F$140,6,FALSE),"") | PF4: =IFERROR(VLOOKUP($A4,'1909'!$A$3:$G$140,7,FALSE),"") | PG4: =IFERROR(VLOOKUP($A4,'1909'!$A$3:$H$140,8,FALSE),"") | PH4: =IFERROR(VLOOKUP($A4,'1909'!$A$3:$I$140,9,FALSE),"") | PI4: =IFERROR(VLOOKUP($A4,'1909'!$A$3:$J$140,10,FALSE),"") | PJ4: =IFERROR(VLOOKUP($A4,'1910'!$A$3:$B$140,2,FALSE),"") | PK4: =IFERROR(VLOOKUP($A4,'1910'!$A$3:$C$140,3,FALSE),"") | PL4: =IFERROR(VLOOKUP($A4,'1910'!$A$3:$D$140,4,FALSE),"") | PM4: =IFERROR(VLOOKUP($A4,'1910'!$A$3:$E$140,5,FALSE),"") | PN4: =IFERROR(VLOOKUP($A4,'1910'!$A$3:$F$140,6,FALSE),"") | PO4: =IFERROR(VLOOKUP($A4,'1910'!$A$3:$G$140,7,FALSE),"") | PP4: =IFERROR(VLOOKUP($A4,'1910'!$A$3:$H$140,8,FALSE),"") | PQ4: =IFERROR(VLOOKUP($A4,'1910'!$A$3:$I$140,9,FALSE),"") | PR4: =IFERROR(VLOOKUP($A4,'1910'!$A$3:$J$140,10,FALSE),"") | PS4: =IFERROR(VLOOKUP($A4,'1911'!$A$3:$B$140,2,FALSE),"") | PT4: =IFERROR(VLOOKUP($A4,'1911'!$A$3:$C$140,3,FALSE),"") | PU4: =IFERROR(VLOOKUP($A4,'1911'!$A$3:$D$140,4,FALSE),"") | PV4: =IFERROR(VLOOKUP($A4,'1911'!$A$3:$E$140,5,FALSE),"") | PW4: =IFERROR(VLOOKUP($A4,'1911'!$A$3:$F$140,6,FALSE),"") | PX4: =IFERROR(VLOOKUP($A4,'1911'!$A$3:$G$140,7,FALSE),"") | PY4: =IFERROR(VLOOKUP($A4,'1911'!$A$3:$H$140,8,FALSE),"") | PZ4: =IFERROR(VLOOKUP($A4,'1911'!$A$3:$I$140,9,FALSE),"") | QA4: =IFERROR(VLOOKUP($A4,'1911'!$A$3:$J$140,10,FALSE),"") | QB4: =IFERROR(VLOOKUP($A4,'1912'!$A$3:$B$140,2,FALSE),"") | QC4: =IFERROR(VLOOKUP($A4,'1912'!$A$3:$C$140,3,FALSE),"") | QD4: =IFERROR(VLOOKUP($A4,'1912'!$A$3:$D$140,4,FALSE),"") | QE4: =IFERROR(VLOOKUP($A4,'1912'!$A$3:$E$140,5,FALSE),"") | QF4: =IFERROR(VLOOKUP($A4,'1912'!$A$3:$F$140,6,FALSE),"") | QG4: =IFERROR(VLOOKUP($A4,'1912'!$A$3:$G$140,7,FALSE),"") | QH4: =IFERROR(VLOOKUP($A4,'1912'!$A$3:$H$140,8,FALSE),"") | QI4: =IFERROR(VLOOKUP($A4,'1912'!$A$3:$I$140,9,FALSE),"") | QJ4: =IFERROR(VLOOKUP($A4,'1912'!$A$3:$J$140,10,FALSE),"")
A5: Montgomery, AL | B5: Alabama | C5: =IFERROR(VLOOKUP($A5,'1863'!$A$3:$B$140,2,FALSE),"") | D5: =IFERROR(VLOOKUP($A5,'1863'!$A$3:$C$140,3,FALSE),"") | E5: =IFERROR(VLOOKUP($A5,'1863'!$A$3:$D$140,4,FALSE),"") | F5: =IFERROR(VLOOKUP($A5,'1863'!$A$3:$E$140,5,FALSE),"") | G5: =IFERROR(VLOOKUP($A5,'1863'!$A$3:$F$140,6,FALSE),"") | H5: =IFERROR(VLOOKUP($A5,'1863'!$A$3:$G$140,7,FALSE),"") | I5: =IFERROR(VLOOKUP($A5,'1863'!$A$3:$H$140,8,FALSE),"") | J5: =IFERROR(VLOOKUP($A5,'1863'!$A$3:$I$140,9,FALSE),"") | K5: =IFERROR(VLOOKUP($A5,'1863'!$A$3:$J$140,10,FALSE),"") | L5: =IFERROR(VLOOKUP($A5,'1864'!$A$3:$B$140,2,FALSE),"") | M5: =IFERROR(VLOOKUP($A5,'1864'!$A$3:$C$140,3,FALSE),"") | N5: =IFERROR(VLOOKUP($A5,'1864'!$A$3:$D$140,4,FALSE),"") | O5: =IFERROR(VLOOKUP($A5,'1864'!$A$3:$E$140,5,FALSE),"") | P5: =IFERROR(VLOOKUP($A5,'1864'!$A$3:$F$140,6,FALSE),"") | Q5: =IFERROR(VLOOKUP($A5,'1864'!$A$3:$G$140,7,FALSE),"") | R5: =IFERROR(VLOOKUP($A5,'1864'!$A$3:$H$140,8,FALSE),"") | S5: =IFERROR(VLOOKUP($A5,'1864'!$A$3:$I$140,9,FALSE),"") | T5: =IFERROR(VLOOKUP($A5,'1864'!$A$3:$J$140,10,FALSE),"") | U5: =IFERROR(VLOOKUP($A5,'1865'!$A$3:$B$140,2,FALSE),"") | V5: =IFERROR(VLOOKUP($A5,'1865'!$A$3:$C$140,3,FALSE),"") | W5: =IFERROR(VLOOKUP($A5,'1865'!$A$3:$D$140,4,FALSE),"") | X5: =IFERROR(VLOOKUP($A5,'1865'!$A$3:$E$140,5,FALSE),"") | Y5: =IFERROR(VLOOKUP($A5,'1865'!$A$3:$F$140,6,FALSE),"") | Z5: =IFERROR(VLOOKUP($A5,'1865'!$A$3:$G$140,7,FALSE),"") | AA5: =IFERROR(VLOOKUP($A5,'1865'!$A$3:$H$140,8,FALSE),"") | AB5: =IFERROR(VLOOKUP($A5,'1865'!$A$3:$I$140,9,FALSE),"") | AC5: =IFERROR(VLOOKUP($A5,'1865'!$A$3:$J$140,10,FALSE),"") | AD5: =IFERROR(VLOOKUP($A5,'1866'!$A$3:$B$140,2,FALSE),"") -> 4 | AE5: =IFERROR(VLOOKUP($A5,'1866'!$A$3:$C$140,3,FALSE),"") -> 634.22 | AF5: =IFERROR(VLOOKUP($A5,'1866'!$A$3:$D$140,4,FALSE),"") -> 0 | AG5: =IFERROR(VLOOKUP($A5,'1866'!$A$3:$E$140,5,FALSE),"") -> 0 | AH5: =IFERROR(VLOOKUP($A5,'1866'!$A$3:$F$140,6,FALSE),"") -> 0 | AI5: =IFERROR(VLOOKUP($A5,'1866'!$A$3:$G$140,7,FALSE),"") -> 0 | AJ5: =IFERROR(VLOOKUP($A5,'1866'!$A$3:$H$140,8,FALSE),"") -> 0 | AK5: =IFERROR(VLOOKUP($A5,'1866'!$A$3:$I$140,9,FALSE),"") -> 0 | AL5: =IFERROR(VLOOKUP($A5,'1866'!$A$3:$J$140,10,FALSE),"") -> 0 | AM5: =IFERROR(VLOOKUP($A5,'1867'!$A$3:$B$140,2,FALSE),"") -> 45 | AN5: =IFERROR(VLOOKUP($A5,'1867'!$A$3:$C$140,3,FALSE),"") -> 3405.07 | AO5: =IFERROR(VLOOKUP($A5,'1867'!$A$3:$D$140,4,FALSE),"") -> 0 | AP5: =IFERROR(VLOOKUP($A5,'1867'!$A$3:$E$140,5,FALSE),"") -> 0 | AQ5: =IFERROR(VLOOKUP($A5,'1867'!$A$3:$F$140,6,FALSE),"") -> 0 | AR5: =IFERROR(VLOOKUP($A5,'1867'!$A$3:$G$140,7,FALSE),"") -> 0 | AS5: =IFERROR(VLOOKUP($A5,'1867'!$A$3:$H$140,8,FALSE),"") -> 0 | AT5: =IFERROR(VLOOKUP($A5,'1867'!$A$3:$I$140,9,FALSE),"") -> 0 | AU5: =IFERROR(VLOOKUP($A5,'1867'!$A$3:$J$140,10,FALSE),"") -> 0 | AV5: =IFERROR(VLOOKUP($A5,'1868'!$A$3:$B$140,2,FALSE),"") -> 0 | AW5: =IFERROR(VLOOKUP($A5,'1868'!$A$3:$C$140,3,FALSE),"") -> 0 | AX5: =IFERROR(VLOOKUP($A5,'1868'!$A$3:$D$140,4,FALSE),"") -> 0 | AY5: =IFERROR(VLOOKUP($A5,'1868'!$A$3:$E$140,5,FALSE),"") -> 0 | AZ5: =IFERROR(VLOOKUP($A5,'1868'!$A$3:$F$140,6,FALSE),"") -> 0 | BA5: =IFERROR(VLOOKUP($A5,'1868'!$A$3:$G$140,7,FALSE),"") -> 0 | BB5: =IFERROR(VLOOKUP($A5,'1868'!$A$3:$H$140,8,FALSE),"") -> 0 | BC5: =IFERROR(VLOOKUP($A5,'1868'!$A$3:$I$140,9,FALSE),"") -> 0 | BD5: =IFERROR(VLOOKUP($A5,'1868'!$A$3:$J$140,10,FALSE),"") -> 0 | BE5: =IFERROR(VLOOKUP($A5,'1869'!$A$3:$B$140,2,FALSE),"") -> 1587 | BF5: =IFERROR(VLOOKUP($A5,'1869'!$A$3:$C$140,3,FALSE),"") -> 150547.21 | BG5: =IFERROR(VLOOKUP($A5,'1869'!$A$3:$D$140,4,FALSE),"") -> 0 | BH5: =IFERROR(VLOOKUP($A5,'1869'!$A$3:$E$140,5,FALSE),"") -> 0 | BI5: =IFERROR(VLOOKUP($A5,'1869'!$A$3:$F$140,6,FALSE),"") -> 0 | BJ5: =IFERROR(VLOOKUP($A5,'1869'!$A$3:$G$140,7,FALSE),"") -> 0 | BK5: =IFERROR(VLOOKUP($A5,'1869'!$A$3:$H$140,8,FALSE),"") -> 0 | BL5: =IFERROR(VLOOKUP($A5,'1869'!$A$3:$I$140,9,FALSE),"") -> 0 | BM5: =IFERROR(VLOOKUP($A5,'1869'!$A$3:$J$140,10,FALSE),"") -> 0 | BN5: =IFERROR(VLOOKUP($A5,'1870'!$A$3:$B$140,2,FALSE),"") -> 1691 | BO5: =IFERROR(VLOOKUP($A5,'1870'!$A$3:$C$140,3,FALSE),"") -> 154042.19 | BP5: =IFERROR(VLOOKUP($A5,'1870'!$A$3:$D$140,4,FALSE),"") -> 0 | BQ5: =IFERROR(VLOOKUP($A5,'1870'!$A$3:$E$140,5,FALSE),"") -> 0 | BR5: =IFERROR(VLOOKUP($A5,'1870'!$A$3:$F$140,6,FALSE),"") -> 0 | BS5: =IFERROR(VLOOKUP($A5,'1870'!$A$3:$G$140,7,FALSE),"") -> 0 | BT5: =IFERROR(VLOOKUP($A5,'1870'!$A$3:$H$140,8,FALSE),"") -> 0 | BU5: =IFERROR(VLOOKUP($A5,'1870'!$A$3:$I$140,9,FALSE),"") -> 0 | BV5: =IFERROR(VLOOKUP($A5,'1870'!$A$3:$J$140,10,FALSE),"") -> 0 | BW5: =IFERROR(VLOOKUP($A5,'1871'!$A$3:$B$140,2,FALSE),"") -> 809 | BX5: =IFERROR(VLOOKUP($A5,'1871'!$A$3:$C$140,3,FALSE),"") -> 72021.3 | BY5: =IFERROR(VLOOKUP($A5,'1871'!$A$3:$D$140,4,FALSE),"") -> 0 | BZ5: =IFERROR(VLOOKUP($A5,'1871'!$A$3:$E$140,5,FALSE),"") -> 0 | CA5: =IFERROR(VLOOKUP($A5,'1871'!$A$3:$F$140,6,FALSE),"") -> 0 | CB5: =IFERROR(VLOOKUP($A5,'1871'!$A$3:$G$140,7,FALSE),"") -> 0 | CC5: =IFERROR(VLOOKUP($A5,'1871'!$A$3:$H$140,8,FALSE),"") -> 0 | CD5: =IFERROR(VLOOKUP($A5,'1871'!$A$3:$I$140,9,FALSE),"") -> 0 | CE5: =IFERROR(VLOOKUP($A5,'1871'!$A$3:$J$140,10,FALSE),"") -> 0 | CF5: =IFERROR(VLOOKUP($A5,'1872'!$A$3:$B$140,2,FALSE),"") -> 776 | CG5: =IFERROR(VLOOKUP($A5,'1872'!$A$3:$C$140,3,FALSE),"") -> 69095.71 | CH5: =IFERROR(VLOOKUP($A5,'1872'!$A$3:$D$140,4,FALSE),"") -> 8 | CI5: =IFERROR(VLOOKUP($A5,'1872'!$A$3:$E$140,5,FALSE),"") -> 598.51 | CJ5: =IFERROR(VLOOKUP($A5,'1872'!$A$3:$F$140,6,FALSE),"") -> 0 | CK5: =IFERROR(VLOOKUP($A5,'1872'!$A$3:$G$140,7,FALSE),"") -> 0 | CL5: =IFERROR(VLOOKUP($A5,'1872'!$A$3:$H$140,8,FALSE),"") -> 0 | CM5: =IFERROR(VLOOKUP($A5,'1872'!$A$3:$I$140,9,FALSE),"") -> 0 | CN5: =IFERROR(VLOOKUP($A5,'1872'!$A$3:$J$140,10,FALSE),"") -> 300.03 | CO5: =IFERROR(VLOOKUP($A5,'1873'!$A$3:$B$140,2,FALSE),"") -> 601 | CP5: =IFERROR(VLOOKUP($A5,'1873'!$A$3:$C$140,3,FALSE),"") -> 55523.61 | CQ5: =IFERROR(VLOOKUP($A5,'1873'!$A$3:$D$140,4,FALSE),"") -> 7 | CR5: =IFERROR(VLOOKUP($A5,'1873'!$A$3:$E$140,5,FALSE),"") -> 439.02 | CS5: =IFERROR(VLOOKUP($A5,'1873'!$A$3:$F$140,6,FALSE),"") -> 0 | CT5: =IFERROR(VLOOKUP($A5,'1873'!$A$3:$G$140,7,FALSE),"") -> 0 | CU5: =IFERROR(VLOOKUP($A5,'1873'!$A$3:$H$140,8,FALSE),"") -> 0 | CV5: =IFERROR(VLOOKUP($A5,'1873'!$A$3:$I$140,9,FALSE),"") -> 0 | CW5: =IFERROR(VLOOKUP($A5,'1873'!$A$3:$J$140,10,FALSE),"") -> 3554.14 | CX5: =IFERROR(VLOOKUP($A5,'1874'!$A$3:$B$140,2,FALSE),"") -> 643 | CY5: =IFERROR(VLOOKUP($A5,'1874'!$A$3:$C$140,3,FALSE),"") -> 60901.8 | CZ5: =IFERROR(VLOOKUP($A5,'1874'!$A$3:$D$140,4,FALSE),"") -> 26 | DA5: =IFERROR(VLOOKUP($A5,'1874'!$A$3:$E$140,5,FALSE),"") -> 2362.26 | DB5: =IFERROR(VLOOKUP($A5,'1874'!$A$3:$F$140,6,FALSE),"") -> 0 | DC5: =IFERROR(VLOOKUP($A5,'1874'!$A$3:$G$140,7,FALSE),"") -> 0 | DD5: =IFERROR(VLOOKUP($A5,'1874'!$A$3:$H$140,8,FALSE),"") -> 0 | DE5: =IFERROR(VLOOKUP($A5,'1874'!$A$3:$I$140,9,FALSE),"") -> 0 | DF5: =IFERROR(VLOOKUP($A5,'1874'!$A$3:$J$140,10,FALSE),"") -> 400.64 | DG5: =IFERROR(VLOOKUP($A5,'1875'!$A$3:$B$140,2,FALSE),"") -> 508 | DH5: =IFERROR(VLOOKUP($A5,'1875'!$A$3:$C$140,3,FALSE),"") -> 46996.46 | DI5: =IFERROR(VLOOKUP($A5,'1875'!$A$3:$D$140,4,FALSE),"") -> 206 | DJ5: =IFERROR(VLOOKUP($A5,'1875'!$A$3:$E$140,5,FALSE),"") -> 20982.19 | DK5: =IFERROR(VLOOKUP($A5,'1875'!$A$3:$F$140,6,FALSE),"") -> 0 | DL5: =IFERROR(VLOOKUP($A5,'1875'!$A$3:$G$140,7,FALSE),"") -> 0 | DM5: =IFERROR(VLOOKUP($A5,'1875'!$A$3:$H$140,8,FALSE),"") -> 0 | DN5: =IFERROR(VLOOKUP($A5,'1875'!$A$3:$I$140,9,FALSE),"") -> 0 | DO5: =IFERROR(VLOOKUP($A5,'1875'!$A$3:$J$140,10,FALSE),"") -> 199.82 | DP5: =IFERROR(VLOOKUP($A5,'1876'!$A$3:$B$140,2,FALSE),"") -> 410 | DQ5: =IFERROR(VLOOKUP($A5,'1876'!$A$3:$C$140,3,FALSE),"") -> 37142.27 | DR5: =IFERROR(VLOOKUP($A5,'1876'!$A$3:$D$140,4,FALSE),"") -> 620 | DS5: =IFERROR(VLOOKUP($A5,'1876'!$A$3:$E$140,5,FALSE),"") -> 59705.8 | DT5: =IFERROR(VLOOKUP($A5,'1876'!$A$3:$F$140,6,FALSE),"") -> 0 | DU5: =IFERROR(VLOOKUP($A5,'1876'!$A$3:$G$140,7,FALSE),"") -> 0 | DV5: =IFERROR(VLOOKUP($A5,'1876'!$A$3:$H$140,8,FALSE),"") -> 0 | DW5: =IFERROR(VLOOKUP($A5,'1876'!$A$3:$I$140,9,FALSE),"") -> 0 | DX5: =IFERROR(VLOOKUP($A5,'1876'!$A$3:$J$140,10,FALSE),"") -> 200.85 | DY5: =IFERROR(VLOOKUP($A5,'1877'!$A$3:$B$140,2,FALSE),"") -> 387 | DZ5: =IFERROR(VLOOKUP($A5,'1877'!$A$3:$C$140,3,FALSE),"") -> 35323.53 | EA5: =IFERROR(VLOOKUP($A5,'1877'!$A$3:$D$140,4,FALSE),"") -> 301 | EB5: =IFERROR(VLOOKUP($A5,'1877'!$A$3:$E$140,5,FALSE),"") -> 27889.77 | EC5: =IFERROR(VLOOKUP($A5,'1877'!$A$3:$F$140,6,FALSE),"") -> 0 | ED5: =IFERROR(VLOOKUP($A5,'1877'!$A$3:$G$140,7,FALSE),"") -> 0 | EE5: =IFERROR(VLOOKUP($A5,'1877'!$A$3:$H$140,8,FALSE),"") -> 0 | EF5: =IFERROR(VLOOKUP($A5,'1877'!$A$3:$I$140,9,FALSE),"") -> 0 | EG5: =IFERROR(VLOOKUP($A5,'1877'!$A$3:$J$140,10,FALSE),"") -> 150.47 | EH5: =IFERROR(VLOOKUP($A5,'1878'!$A$3:$B$140,2,FALSE),"") -> 481 | EI5: =IFERROR(VLOOKUP($A5,'1878'!$A$3:$C$140,3,FALSE),"") -> 46543.12 | EJ5: =IFERROR(VLOOKUP($A5,'1878'!$A$3:$D$140,4,FALSE),"") -> 231 | EK5: =IFERROR(VLOOKUP($A5,'1878'!$A$3:$E$140,5,FALSE),"") -> 21783.97 | EL5: =IFERROR(VLOOKUP($A5,'1878'!$A$3:$F$140,6,FALSE),"") -> 0 | EM5: =IFERROR(VLOOKUP($A5,'1878'!$A$3:$G$140,7,FALSE),"") -> 0 | EN5: =IFERROR(VLOOKUP($A5,'1878'!$A$3:$H$140,8,FALSE),"") -> 0 | EO5: =IFERROR(VLOOKUP($A5,'1878'!$A$3:$I$140,9,FALSE),"") -> 0 | EP5: =IFERROR(VLOOKUP($A5,'1878'!$A$3:$J$140,10,FALSE),"") -> 210.75 | EQ5: =IFERROR(VLOOKUP($A5,'1879'!$A$3:$B$140,2,FALSE),"") -> 114 | ER5: =IFERROR(VLOOKUP($A5,'1879'!$A$3:$C$140,3,FALSE),"") -> 9908.5 | ES5: =IFERROR(VLOOKUP($A5,'1879'!$A$3:$D$140,4,FALSE),"") -> 123 | ET5: =IFERROR(VLOOKUP($A5,'1879'!$A$3:$E$140,5,FALSE),"") -> 14500.71 | EU5: =IFERROR(VLOOKUP($A5,'1879'!$A$3:$F$140,6,FALSE),"") -> 0 | EV5: =IFERROR(VLOOKUP($A5,'1879'!$A$3:$G$140,7,FALSE),"") -> 0 | EW5: =IFERROR(VLOOKUP($A5,'1879'!$A$3:$H$140,8,FALSE),"") -> 0 | EX5: =IFERROR(VLOOKUP($A5,'1879'!$A$3:$I$140,9,FALSE),"") -> 0 | EY5: =IFERROR(VLOOKUP($A5,'1879'!$A$3:$J$140,10,FALSE),"") -> 0 | EZ5: =IFERROR(VLOOKUP($A5,'1880'!$A$3:$B$140,2,FALSE),"") -> 1544 | FA5: =IFERROR(VLOOKUP($A5,'1880'!$A$3:$C$140,3,FALSE),"") -> 172130.04 | FB5: =IFERROR(VLOOKUP($A5,'1880'!$A$3:$D$140,4,FALSE),"") -> 136 | FC5: =IFERROR(VLOOKUP($A5,'1880'!$A$3:$E$140,5,FALSE),"") -> 14943.19 | FD5: =IFERROR(VLOOKUP($A5,'1880'!$A$3:$F$140,6,FALSE),"") -> 0 | FE5: =IFERROR(VLOOKUP($A5,'1880'!$A$3:$G$140,7,FALSE),"") -> 0 | FF5: =IFERROR(VLOOKUP($A5,'1880'!$A$3:$H$140,8,FALSE),"") -> 0 | FG5: =IFERROR(VLOOKUP($A5,'1880'!$A$3:$I$140,9,FALSE),"") -> 0 | FH5: =IFERROR(VLOOKUP($A5,'1880'!$A$3:$J$140,10,FALSE),"") -> 199.91 | FI5: =IFERROR(VLOOKUP($A5,'1881'!$A$3:$B$140,2,FALSE),"") -> 1662 | FJ5: =IFERROR(VLOOKUP($A5,'1881'!$A$3:$C$140,3,FALSE),"") -> 181268.29 | FK5: =IFERROR(VLOOKUP($A5,'1881'!$A$3:$D$140,4,FALSE),"") -> 303 | FL5: =IFERROR(VLOOKUP($A5,'1881'!$A$3:$E$140,5,FALSE),"") -> 30529.82 | FM5: =IFERROR(VLOOKUP($A5,'1881'!$A$3:$F$140,6,FALSE),"") -> 15 | FN5: =IFERROR(VLOOKUP($A5,'1881'!$A$3:$G$140,7,FALSE),"") -> 0 | FO5: =IFERROR(VLOOKUP($A5,'1881'!$A$3:$H$140,8,FALSE),"") -> 237 | FP5: =IFERROR(VLOOKUP($A5,'1881'!$A$3:$I$140,9,FALSE),"") -> 0 | FQ5: =IFERROR(VLOOKUP($A5,'1881'!$A$3:$J$140,10,FALSE),"") -> 0 | FR5: =IFERROR(VLOOKUP($A5,'1882'!$A$3:$B$140,2,FALSE),"") -> 1416 | FS5: =IFERROR(VLOOKUP($A5,'1882'!$A$3:$C$140,3,FALSE),"") -> 161689.69 | FT5: =IFERROR(VLOOKUP($A5,'1882'!$A$3:$D$140,4,FALSE),"") -> 505 | FU5: =IFERROR(VLOOKUP($A5,'1882'!$A$3:$E$140,5,FALSE),"") -> 53742.74 | FV5: =IFERROR(VLOOKUP($A5,'1882'!$A$3:$F$140,6,FALSE),"") -> 35 | FW5: =IFERROR(VLOOKUP($A5,'1882'!$A$3:$G$140,7,FALSE),"") -> 4211.15 | FX5: =IFERROR(VLOOKUP($A5,'1882'!$A$3:$H$140,8,FALSE),"") -> 238 | FY5: =IFERROR(VLOOKUP($A5,'1882'!$A$3:$I$140,9,FALSE),"") -> 20383.73 | FZ5: =IFERROR(VLOOKUP($A5,'1882'!$A$3:$J$140,10,FALSE),"") -> 0 | GA5: =IFERROR(VLOOKUP($A5,'1883'!$A$3:$B$140,2,FALSE),"") -> 1179 | GB5: =IFERROR(VLOOKUP($A5,'1883'!$A$3:$C$140,3,FALSE),"") -> 141243.48 | GC5: =IFERROR(VLOOKUP($A5,'1883'!$A$3:$D$140,4,FALSE),"") -> 535 | GD5: =IFERROR(VLOOKUP($A5,'1883'!$A$3:$E$140,5,FALSE),"") -> 59892.72 | GE5: =IFERROR(VLOOKUP($A5,'1883'!$A$3:$F$140,6,FALSE),"") -> 41 | GF5: =IFERROR(VLOOKUP($A5,'1883'!$A$3:$G$140,7,FALSE),"") -> 5414.63 | GG5: =IFERROR(VLOOKUP($A5,'1883'!$A$3:$H$140,8,FALSE),"") -> 145 | GH5: =IFERROR(VLOOKUP($A5,'1883'!$A$3:$I$140,9,FALSE),"") -> 12795.64 | GI5: =IFERROR(VLOOKUP($A5,'1883'!$A$3:$J$140,10,FALSE),"") -> 0 | GJ5: =IFERROR(VLOOKUP($A5,'1884'!$A$3:$B$140,2,FALSE),"") -> 1472 | GK5: =IFERROR(VLOOKUP($A5,'1884'!$A$3:$C$140,3,FALSE),"") -> 183794.93 | GL5: =IFERROR(VLOOKUP($A5,'1884'!$A$3:$D$140,4,FALSE),"") -> 577 | GM5: =IFERROR(VLOOKUP($A5,'1884'!$A$3:$E$140,5,FALSE),"") -> 62848.99 | GN5: =IFERROR(VLOOKUP($A5,'1884'!$A$3:$F$140,6,FALSE),"") -> 111 | GO5: =IFERROR(VLOOKUP($A5,'1884'!$A$3:$G$140,7,FALSE),"") -> 14175.94 | GP5: =IFERROR(VLOOKUP($A5,'1884'!$A$3:$H$140,8,FALSE),"") -> 92 | GQ5: =IFERROR(VLOOKUP($A5,'1884'!$A$3:$I$140,9,FALSE),"") -> 8071.73 | GR5: =IFERROR(VLOOKUP($A5,'1884'!$A$3:$J$140,10,FALSE),"") -> 0 | GS5: =IFERROR(VLOOKUP($A5,'1885'!$A$3:$B$140,2,FALSE),"") -> 1049 | GT5: =IFERROR(VLOOKUP($A5,'1885'!$A$3:$C$140,3,FALSE),"") -> 128671.16 | GU5: =IFERROR(VLOOKUP($A5,'1885'!$A$3:$D$140,4,FALSE),"") -> 786 | GV5: =IFERROR(VLOOKUP($A5,'1885'!$A$3:$E$140,5,FALSE),"") -> 89969.83 | GW5: =IFERROR(VLOOKUP($A5,'1885'!$A$3:$F$140,6,FALSE),"") -> 50 | GX5: =IFERROR(VLOOKUP($A5,'1885'!$A$3:$G$140,7,FALSE),"") -> 4677.9 | GY5: =IFERROR(VLOOKUP($A5,'1885'!$A$3:$H$140,8,FALSE),"") -> 51 | GZ5: =IFERROR(VLOOKUP($A5,'1885'!$A$3:$I$140,9,FALSE),"") -> 4812.74 | HA5: =IFERROR(VLOOKUP($A5,'1885'!$A$3:$J$140,10,FALSE),"") -> 0 | HB5: =IFERROR(VLOOKUP($A5,'1886'!$A$3:$B$140,2,FALSE),"") -> 1233 | HC5: =IFERROR(VLOOKUP($A5,'1886'!$A$3:$C$140,3,FALSE),"") -> 153953.37 | HD5: =IFERROR(VLOOKUP($A5,'1886'!$A$3:$D$140,4,FALSE),"") -> 961 | HE5: =IFERROR(VLOOKUP($A5,'1886'!$A$3:$E$140,5,FALSE),"") -> 112621.52 | HF5: =IFERROR(VLOOKUP($A5,'1886'!$A$3:$F$140,6,FALSE),"") -> 46 | HG5: =IFERROR(VLOOKUP($A5,'1886'!$A$3:$G$140,7,FALSE),"") -> 5628.86 | HH5: =IFERROR(VLOOKUP($A5,'1886'!$A$3:$H$140,8,FALSE),"") -> 27 | HI5: =IFERROR(VLOOKUP($A5,'1886'!$A$3:$I$140,9,FALSE),"") -> 2310.75 | HJ5: =IFERROR(VLOOKUP($A5,'1886'!$A$3:$J$140,10,FALSE),"") -> 0 | HK5: =IFERROR(VLOOKUP($A5,'1887'!$A$3:$B$140,2,FALSE),"") -> 1717 | HL5: =IFERROR(VLOOKUP($A5,'1887'!$A$3:$C$140,3,FALSE),"") -> 207651.08 | HM5: =IFERROR(VLOOKUP($A5,'1887'!$A$3:$D$140,4,FALSE),"") -> 926 | HN5: =IFERROR(VLOOKUP($A5,'1887'!$A$3:$E$140,5,FALSE),"") -> 104206.78 | HO5: =IFERROR(VLOOKUP($A5,'1887'!$A$3:$F$140,6,FALSE),"") -> 46 | HP5: =IFERROR(VLOOKUP($A5,'1887'!$A$3:$G$140,7,FALSE),"") -> 5267.29 | HQ5: =IFERROR(VLOOKUP($A5,'1887'!$A$3:$H$140,8,FALSE),"") -> 53 | HR5: =IFERROR(VLOOKUP($A5,'1887'!$A$3:$I$140,9,FALSE),"") -> 4647 | HS5: =IFERROR(VLOOKUP($A5,'1887'!$A$3:$J$140,10,FALSE),"") -> 0 | HT5: =IFERROR(VLOOKUP($A5,'1888'!$A$3:$B$140,2,FALSE),"") -> 1583 | HU5: =IFERROR(VLOOKUP($A5,'1888'!$A$3:$C$140,3,FALSE),"") -> 187315.02 | HV5: =IFERROR(VLOOKUP($A5,'1888'!$A$3:$D$140,4,FALSE),"") -> 886 | HW5: =IFERROR(VLOOKUP($A5,'1888'!$A$3:$E$140,5,FALSE),"") -> 112461.27 | HX5: =IFERROR(VLOOKUP($A5,'1888'!$A$3:$F$140,6,FALSE),"") -> 165 | HY5: =IFERROR(VLOOKUP($A5,'1888'!$A$3:$G$140,7,FALSE),"") -> 19454.11 | HZ5: =IFERROR(VLOOKUP($A5,'1888'!$A$3:$H$140,8,FALSE),"") -> 49 | IA5: =IFERROR(VLOOKUP($A5,'1888'!$A$3:$I$140,9,FALSE),"") -> 4365.12 | IB5: =IFERROR(VLOOKUP($A5,'1888'!$A$3:$J$140,10,FALSE),"") -> 0 | IC5: =IFERROR(VLOOKUP($A5,'1889'!$A$3:$B$140,2,FALSE),"") -> 1144 | ID5: =IFERROR(VLOOKUP($A5,'1889'!$A$3:$C$140,3,FALSE),"") -> 128820.88 | IE5: =IFERROR(VLOOKUP($A5,'1889'!$A$3:$D$140,4,FALSE),"") -> 905 | IF5: =IFERROR(VLOOKUP($A5,'1889'!$A$3:$E$140,5,FALSE),"") -> 110593.18 | IG5: =IFERROR(VLOOKUP($A5,'1889'!$A$3:$F$140,6,FALSE),"") -> 118 | IH5: =IFERROR(VLOOKUP($A5,'1889'!$A$3:$G$140,7,FALSE),"") -> 14803.2 | II5: =IFERROR(VLOOKUP($A5,'1889'!$A$3:$H$140,8,FALSE),"") -> 6 | IJ5: =IFERROR(VLOOKUP($A5,'1889'!$A$3:$I$140,9,FALSE),"") -> 520.64 | IK5: =IFERROR(VLOOKUP($A5,'1889'!$A$3:$J$140,10,FALSE),"") -> 0 | IL5: =IFERROR(VLOOKUP($A5,'1890'!$A$3:$B$140,2,FALSE),"") -> 1659 | IM5: =IFERROR(VLOOKUP($A5,'1890'!$A$3:$C$140,3,FALSE),"") -> 181129.06 | IN5: =IFERROR(VLOOKUP($A5,'1890'!$A$3:$D$140,4,FALSE),"") -> 1095 | IO5: =IFERROR(VLOOKUP($A5,'1890'!$A$3:$E$140,5,FALSE),"") -> 140296.13 | IP5: =IFERROR(VLOOKUP($A5,'1890'!$A$3:$F$140,6,FALSE),"") -> 99 | IQ5: =IFERROR(VLOOKUP($A5,'1890'!$A$3:$G$140,7,FALSE),"") -> 11722.59 | IR5: =IFERROR(VLOOKUP($A5,'1890'!$A$3:$H$140,8,FALSE),"") -> 7 | IS5: =IFERROR(VLOOKUP($A5,'1890'!$A$3:$I$140,9,FALSE),"") -> 622.29 | IT5: =IFERROR(VLOOKUP($A5,'1890'!$A$3:$J$140,10,FALSE),"") -> 0 | IU5: =IFERROR(VLOOKUP($A5,'1891'!$A$3:$B$140,2,FALSE),"") -> 1394 | IV5: =IFERROR(VLOOKUP($A5,'1891'!$A$3:$C$140,3,FALSE),"") -> 146335.2 | IW5: =IFERROR(VLOOKUP($A5,'1891'!$A$3:$D$140,4,FALSE),"") -> 1142 | IX5: =IFERROR(VLOOKUP($A5,'1891'!$A$3:$E$140,5,FALSE),"") -> 139758.24 | IY5: =IFERROR(VLOOKUP($A5,'1891'!$A$3:$F$140,6,FALSE),"") -> 92 | IZ5: =IFERROR(VLOOKUP($A5,'1891'!$A$3:$G$140,7,FALSE),"") -> 10339.86 | JA5: =IFERROR(VLOOKUP($A5,'1891'!$A$3:$H$140,8,FALSE),"") -> 13 | JB5: =IFERROR(VLOOKUP($A5,'1891'!$A$3:$I$140,9,FALSE),"") -> 1238.5 | JC5: =IFERROR(VLOOKUP($A5,'1891'!$A$3:$J$140,10,FALSE),"") -> 0 | JD5: =IFERROR(VLOOKUP($A5,'1892'!$A$3:$B$140,2,FALSE),"") -> 1044 | JE5: =IFERROR(VLOOKUP($A5,'1892'!$A$3:$C$140,3,FALSE),"") -> 106884.38 | JF5: =IFERROR(VLOOKUP($A5,'1892'!$A$3:$D$140,4,FALSE),"") -> 839 | JG5: =IFERROR(VLOOKUP($A5,'1892'!$A$3:$E$140,5,FALSE),"") -> 104698.54 | JH5: =IFERROR(VLOOKUP($A5,'1892'!$A$3:$F$140,6,FALSE),"") -> 54 | JI5: =IFERROR(VLOOKUP($A5,'1892'!$A$3:$G$140,7,FALSE),"") -> 6320.5 | JJ5: =IFERROR(VLOOKUP($A5,'1892'!$A$3:$H$140,8,FALSE),"") -> 2 | JK5: =IFERROR(VLOOKUP($A5,'1892'!$A$3:$I$140,9,FALSE),"") -> 160.9 | JL5: =IFERROR(VLOOKUP($A5,'1892'!$A$3:$J$140,10,FALSE),"") -> 0 | JM5: =IFERROR(VLOOKUP($A5,'1893'!$A$3:$B$140,2,FALSE),"") -> 853 | JN5: =IFERROR(VLOOKUP($A5,'1893'!$A$3:$C$140,3,FALSE),"") -> 89738.83 | JO5: =IFERROR(VLOOKUP($A5,'1893'!$A$3:$D$140,4,FALSE),"") -> 944 | JP5: =IFERROR(VLOOKUP($A5,'1893'!$A$3:$E$140,5,FALSE),"") -> 114614.54 | JQ5: =IFERROR(VLOOKUP($A5,'1893'!$A$3:$F$140,6,FALSE),"") -> 53 | JR5: =IFERROR(VLOOKUP($A5,'1893'!$A$3:$G$140,7,FALSE),"") -> 5661.21 | JS5: =IFERROR(VLOOKUP($A5,'1893'!$A$3:$H$140,8,FALSE),"") -> 8 | JT5: =IFERROR(VLOOKUP($A5,'1893'!$A$3:$I$140,9,FALSE),"") -> 1082 | JU5: =IFERROR(VLOOKUP($A5,'1893'!$A$3:$J$140,10,FALSE),"") -> 0 | JV5: =IFERROR(VLOOKUP($A5,'1894'!$A$3:$B$140,2,FALSE),"") -> 1755 | JW5: =IFERROR(VLOOKUP($A5,'1894'!$A$3:$C$140,3,FALSE),"") -> 205070.44 | JX5: =IFERROR(VLOOKUP($A5,'1894'!$A$3:$D$140,4,FALSE),"") -> 1237 | JY5: =IFERROR(VLOOKUP($A5,'1894'!$A$3:$E$140,5,FALSE),"") -> 156165.44 | JZ5: =IFERROR(VLOOKUP($A5,'1894'!$A$3:$F$140,6,FALSE),"") -> 37 | KA5: =IFERROR(VLOOKUP($A5,'1894'!$A$3:$G$140,7,FALSE),"") -> 4778.75 | KB5: =IFERROR(VLOOKUP($A5,'1894'!$A$3:$H$140,8,FALSE),"") -> 8 | KC5: =IFERROR(VLOOKUP($A5,'1894'!$A$3:$I$140,9,FALSE),"") -> 1164.49 | KD5: =IFERROR(VLOOKUP($A5,'1894'!$A$3:$J$140,10,FALSE),"") -> 0 | KE5: =IFERROR(VLOOKUP($A5,'1895'!$A$3:$B$140,2,FALSE),"") -> 849 | KF5: =IFERROR(VLOOKUP($A5,'1895'!$A$3:$C$140,3,FALSE),"") -> 86275.93 | KG5: =IFERROR(VLOOKUP($A5,'1895'!$A$3:$D$140,4,FALSE),"") -> 834 | KH5: =IFERROR(VLOOKUP($A5,'1895'!$A$3:$E$140,5,FALSE),"") -> 97670.76 | KI5: =IFERROR(VLOOKUP($A5,'1895'!$A$3:$F$140,6,FALSE),"") -> 47 | KJ5: =IFERROR(VLOOKUP($A5,'1895'!$A$3:$G$140,7,FALSE),"") -> 5332.98 | KK5: =IFERROR(VLOOKUP($A5,'1895'!$A$3:$H$140,8,FALSE),"") -> 1 | KL5: =IFERROR(VLOOKUP($A5,'1895'!$A$3:$I$140,9,FALSE),"") -> 39.94 | KM5: =IFERROR(VLOOKUP($A5,'1895'!$A$3:$J$140,10,FALSE),"") -> 0 | KN5: =IFERROR(VLOOKUP($A5,'1896'!$A$3:$B$140,2,FALSE),"") -> 772 | KO5: =IFERROR(VLOOKUP($A5,'1896'!$A$3:$C$140,3,FALSE),"") -> 80940.22 | KP5: =IFERROR(VLOOKUP($A5,'1896'!$A$3:$D$140,4,FALSE),"") -> 840 | KQ5: =IFERROR(VLOOKUP($A5,'1896'!$A$3:$E$140,5,FALSE),"") -> 95110.16 | KR5: =IFERROR(VLOOKUP($A5,'1896'!$A$3:$F$140,6,FALSE),"") -> 44 | KS5: =IFERROR(VLOOKUP($A5,'1896'!$A$3:$G$140,7,FALSE),"") -> 4420.95 | KT5: =IFERROR(VLOOKUP($A5,'1896'!$A$3:$H$140,8,FALSE),"") -> 0 | KU5: =IFERROR(VLOOKUP($A5,'1896'!$A$3:$I$140,9,FALSE),"") -> 0 | KV5: =IFERROR(VLOOKUP($A5,'1896'!$A$3:$J$140,10,FALSE),"") -> 0 | KW5: =IFERROR(VLOOKUP($A5,'1897'!$A$3:$B$140,2,FALSE),"") -> 632 | KX5: =IFERROR(VLOOKUP($A5,'1897'!$A$3:$C$140,3,FALSE),"") -> 61843.12 | KY5: =IFERROR(VLOOKUP($A5,'1897'!$A$3:$D$140,4,FALSE),"") -> 842 | KZ5: =IFERROR(VLOOKUP($A5,'1897'!$A$3:$E$140,5,FALSE),"") -> 89887.66 | LA5: =IFERROR(VLOOKUP($A5,'1897'!$A$3:$F$140,6,FALSE),"") -> 52 | LB5: =IFERROR(VLOOKUP($A5,'1897'!$A$3:$G$140,7,FALSE),"") -> 6132 | LC5: =IFERROR(VLOOKUP($A5,'1897'!$A$3:$H$140,8,FALSE),"") -> 0 | LD5: =IFERROR(VLOOKUP($A5,'1897'!$A$3:$I$140,9,FALSE),"") -> 0 | LE5: =IFERROR(VLOOKUP($A5,'1897'!$A$3:$J$140,10,FALSE),"") -> 0 | LF5: =IFERROR(VLOOKUP($A5,'1898'!$A$3:$B$140,2,FALSE),"") -> 798 | LG5: =IFERROR(VLOOKUP($A5,'1898'!$A$3:$C$140,3,FALSE),"") -> 83677.5 | LH5: =IFERROR(VLOOKUP($A5,'1898'!$A$3:$D$140,4,FALSE),"") -> 626 | LI5: =IFERROR(VLOOKUP($A5,'1898'!$A$3:$E$140,5,FALSE),"") -> 65011.9 | LJ5: =IFERROR(VLOOKUP($A5,'1898'!$A$3:$F$140,6,FALSE),"") -> 23 | LK5: =IFERROR(VLOOKUP($A5,'1898'!$A$3:$G$140,7,FALSE),"") -> 2160.79 | LL5: =IFERROR(VLOOKUP($A5,'1898'!$A$3:$H$140,8,FALSE),"") -> 0 | LM5: =IFERROR(VLOOKUP($A5,'1898'!$A$3:$I$140,9,FALSE),"") -> 0 | LN5: =IFERROR(VLOOKUP($A5,'1898'!$A$3:$J$140,10,FALSE),"") -> 0 | LO5: =IFERROR(VLOOKUP($A5,'1899'!$A$3:$B$140,2,FALSE),"") -> 678 | LP5: =IFERROR(VLOOKUP($A5,'1899'!$A$3:$C$140,3,FALSE),"") -> 65364.5 | LQ5: =IFERROR(VLOOKUP($A5,'1899'!$A$3:$D$140,4,FALSE),"") -> 675 | LR5: =IFERROR(VLOOKUP($A5,'1899'!$A$3:$E$140,5,FALSE),"") -> 74291.12 | LS5: =IFERROR(VLOOKUP($A5,'1899'!$A$3:$F$140,6,FALSE),"") -> 51 | LT5: =IFERROR(VLOOKUP($A5,'1899'!$A$3:$G$140,7,FALSE),"") -> 5296.17 | LU5: =IFERROR(VLOOKUP($A5,'1899'!$A$3:$H$140,8,FALSE),"") -> 1 | LV5: =IFERROR(VLOOKUP($A5,'1899'!$A$3:$I$140,9,FALSE),"") -> 80.9 | LW5: =IFERROR(VLOOKUP($A5,'1899'!$A$3:$J$140,10,FALSE),"") -> 0 | LX5: =IFERROR(VLOOKUP($A5,'1900'!$A$3:$B$140,2,FALSE),"") -> 817 | LY5: =IFERROR(VLOOKUP($A5,'1900'!$A$3:$C$140,3,FALSE),"") -> 76731.56 | LZ5: =IFERROR(VLOOKUP($A5,'1900'!$A$3:$D$140,4,FALSE),"") -> 675 | MA5: =IFERROR(VLOOKUP($A5,'1900'!$A$3:$E$140,5,FALSE),"") -> 71017.22 | MB5: =IFERROR(VLOOKUP($A5,'1900'!$A$3:$F$140,6,FALSE),"") -> 40 | MC5: =IFERROR(VLOOKUP($A5,'1900'!$A$3:$G$140,7,FALSE),"") -> 4523.27 | MD5: =IFERROR(VLOOKUP($A5,'1900'!$A$3:$H$140,8,FALSE),"") -> 0 | ME5: =IFERROR(VLOOKUP($A5,'1900'!$A$3:$I$140,9,FALSE),"") -> 0 | MF5: =IFERROR(VLOOKUP($A5,'1900'!$A$3:$J$140,10,FALSE),"") -> 0 | MG5: =IFERROR(VLOOKUP($A5,'1901'!$A$3:$B$140,2,FALSE),"") -> 556 | MH5: =IFERROR(VLOOKUP($A5,'1901'!$A$3:$C$140,3,FALSE),"") -> 49853.94 | MI5: =IFERROR(VLOOKUP($A5,'1901'!$A$3:$D$140,4,FALSE),"") -> 601 | MJ5: =IFERROR(VLOOKUP($A5,'1901'!$A$3:$E$140,5,FALSE),"") -> 63464.31 | MK5: =IFERROR(VLOOKUP($A5,'1901'!$A$3:$F$140,6,FALSE),"") -> 82 | ML5: =IFERROR(VLOOKUP($A5,'1901'!$A$3:$G$140,7,FALSE),"") -> 8059.41 | MM5: =IFERROR(VLOOKUP($A5,'1901'!$A$3:$H$140,8,FALSE),"") -> 0 | MN5: =IFERROR(VLOOKUP($A5,'1901'!$A$3:$I$140,9,FALSE),"") -> 0 | MO5: =IFERROR(VLOOKUP($A5,'1901'!$A$3:$J$140,10,FALSE),"") -> 0 | MP5: =IFERROR(VLOOKUP($A5,'1902'!$A$3:$B$140,2,FALSE),"") -> 473 | MQ5: =IFERROR(VLOOKUP($A5,'1902'!$A$3:$C$140,3,FALSE),"") -> 44705.47 | MR5: =IFERROR(VLOOKUP($A5,'1902'!$A$3:$D$140,4,FALSE),"") -> 415 | MS5: =IFERROR(VLOOKUP($A5,'1902'!$A$3:$E$140,5,FALSE),"") -> 39966.65 | MT5: =IFERROR(VLOOKUP($A5,'1902'!$A$3:$F$140,6,FALSE),"") -> 59 | MU5: =IFERROR(VLOOKUP($A5,'1902'!$A$3:$G$140,7,FALSE),"") -> 6011.46 | MV5: =IFERROR(VLOOKUP($A5,'1902'!$A$3:$H$140,8,FALSE),"") -> 0 | MW5: =IFERROR(VLOOKUP($A5,'1902'!$A$3:$I$140,9,FALSE),"") -> 0 | MX5: =IFERROR(VLOOKUP($A5,'1902'!$A$3:$J$140,10,FALSE),"") -> 0 | MY5: =IFERROR(VLOOKUP($A5,'1903'!$A$3:$B$140,2,FALSE),"") -> 631 | MZ5: =IFERROR(VLOOKUP($A5,'1903'!$A$3:$C$140,3,FALSE),"") -> 57646.07 | NA5: =IFERROR(VLOOKUP($A5,'1903'!$A$3:$D$140,4,FALSE),"") -> 476 | NB5: =IFERROR(VLOOKUP($A5,'1903'!$A$3:$E$140,5,FALSE),"") -> 48483.45 | NC5: =IFERROR(VLOOKUP($A5,'1903'!$A$3:$F$140,6,FALSE),"") -> 69 | ND5: =IFERROR(VLOOKUP($A5,'1903'!$A$3:$G$140,7,FALSE),"") -> 6718.84 | NE5: =IFERROR(VLOOKUP($A5,'1903'!$A$3:$H$140,8,FALSE),"") -> 0 | NF5: =IFERROR(VLOOKUP($A5,'1903'!$A$3:$I$140,9,FALSE),"") -> 0 | NG5: =IFERROR(VLOOKUP($A5,'1903'!$A$3:$J$140,10,FALSE),"") -> 0 | NH5: =IFERROR(VLOOKUP($A5,'1904'!$A$3:$B$140,2,FALSE),"") -> 647 | NI5: =IFERROR(VLOOKUP($A5,'1904'!$A$3:$C$140,3,FALSE),"") -> 57195.05 | NJ5: =IFERROR(VLOOKUP($A5,'1904'!$A$3:$D$140,4,FALSE),"") -> 377 | NK5: =IFERROR(VLOOKUP($A5,'1904'!$A$3:$E$140,5,FALSE),"") -> 36644 | NL5: =IFERROR(VLOOKUP($A5,'1904'!$A$3:$F$140,6,FALSE),"") -> 112 | NM5: =IFERROR(VLOOKUP($A5,'1904'!$A$3:$G$140,7,FALSE),"") -> 11924.93 | NN5: =IFERROR(VLOOKUP($A5,'1904'!$A$3:$H$140,8,FALSE),"") -> 0 | NO5: =IFERROR(VLOOKUP($A5,'1904'!$A$3:$I$140,9,FALSE),"") -> 0 | NP5: =IFERROR(VLOOKUP($A5,'1904'!$A$3:$J$140,10,FALSE),"") -> 0 | NQ5: =IFERROR(VLOOKUP($A5,'1905'!$A$3:$B$140,2,FALSE),"") -> 766 | NR5: =IFERROR(VLOOKUP($A5,'1905'!$A$3:$C$140,3,FALSE),"") -> 66788.09 | NS5: =IFERROR(VLOOKUP($A5,'1905'!$A$3:$D$140,4,FALSE),"") -> 426 | NT5: =IFERROR(VLOOKUP($A5,'1905'!$A$3:$E$140,5,FALSE),"") -> 39147.5 | NU5: =IFERROR(VLOOKUP($A5,'1905'!$A$3:$F$140,6,FALSE),"") -> 97 | NV5: =IFERROR(VLOOKUP($A5,'1905'!$A$3:$G$140,7,FALSE),"") -> 9645.08 | NW5: =IFERROR(VLOOKUP($A5,'1905'!$A$3:$H$140,8,FALSE),"") -> 0 | NX5: =IFERROR(VLOOKUP($A5,'1905'!$A$3:$I$140,9,FALSE),"") -> 0 | NY5: =IFERROR(VLOOKUP($A5,'1905'!$A$3:$J$140,10,FALSE),"") -> 0 | NZ5: =IFERROR(VLOOKUP($A5,'1906'!$A$3:$B$140,2,FALSE),"") -> 1102 | OA5: =IFERROR(VLOOKUP($A5,'1906'!$A$3:$C$140,3,FALSE),"") -> 97352.52 | OB5: =IFERROR(VLOOKUP($A5,'1906'!$A$3:$D$140,4,FALSE),"") -> 582 | OC5: =IFERROR(VLOOKUP($A5,'1906'!$A$3:$E$140,5,FALSE),"") -> 54948.2 | OD5: =IFERROR(VLOOKUP($A5,'1906'!$A$3:$F$140,6,FALSE),"") -> 178 | OE5: =IFERROR(VLOOKUP($A5,'1906'!$A$3:$G$140,7,FALSE),"") -> 17634.19 | OF5: =IFERROR(VLOOKUP($A5,'1906'!$A$3:$H$140,8,FALSE),"") -> 0 | OG5: =IFERROR(VLOOKUP($A5,'1906'!$A$3:$I$140,9,FALSE),"") -> 0 | OH5: =IFERROR(VLOOKUP($A5,'1906'!$A$3:$J$140,10,FALSE),"") -> 0 | OI5: =IFERROR(VLOOKUP($A5,'1907'!$A$3:$B$140,2,FALSE),"") -> 982 | OJ5: =IFERROR(VLOOKUP($A5,'1907'!$A$3:$C$140,3,FALSE),"") -> 83976.89 | OK5: =IFERROR(VLOOKUP($A5,'1907'!$A$3:$D$140,4,FALSE),"") -> 410 | OL5: =IFERROR(VLOOKUP($A5,'1907'!$A$3:$E$140,5,FALSE),"") -> 37496.53 | OM5: =IFERROR(VLOOKUP($A5,'1907'!$A$3:$F$140,6,FALSE),"") -> 137 | ON5: =IFERROR(VLOOKUP($A5,'1907'!$A$3:$G$140,7,FALSE),"") -> 12841.03 | OO5: =IFERROR(VLOOKUP($A5,'1907'!$A$3:$H$140,8,FALSE),"") -> 0 | OP5: =IFERROR(VLOOKUP($A5,'1907'!$A$3:$I$140,9,FALSE),"") -> 0 | OQ5: =IFERROR(VLOOKUP($A5,'1907'!$A$3:$J$140,10,FALSE),"") -> 0 | OR5: =IFERROR(VLOOKUP($A5,'1908'!$A$3:$B$140,2,FALSE),"") -> 818 | OS5: =IFERROR(VLOOKUP($A5,'1908'!$A$3:$C$140,3,FALSE),"") -> 76291.17 | OT5: =IFERROR(VLOOKUP($A5,'1908'!$A$3:$D$140,4,FALSE),"") -> 367 | OU5: =IFERROR(VLOOKUP($A5,'1908'!$A$3:$E$140,5,FALSE),"") -> 34782.13 | OV5: =IFERROR(VLOOKUP($A5,'1908'!$A$3:$F$140,6,FALSE),"") -> 122 | OW5: =IFERROR(VLOOKUP($A5,'1908'!$A$3:$G$140,7,FALSE),"") -> 10411.25 | OX5: =IFERROR(VLOOKUP($A5,'1908'!$A$3:$H$140,8,FALSE),"") -> 0 | OY5: =IFERROR(VLOOKUP($A5,'1908'!$A$3:$I$140,9,FALSE),"") -> 0 | OZ5: =IFERROR(VLOOKUP($A5,'1908'!$A$3:$J$140,10,FALSE),"") -> 0 | PA5: =IFERROR(VLOOKUP($A5,'1909'!$A$3:$B$140,2,FALSE),"") -> 570 | PB5: =IFERROR(VLOOKUP($A5,'1909'!$A$3:$C$140,3,FALSE),"") -> 47810.53 | PC5: =IFERROR(VLOOKUP($A5,'1909'!$A$3:$D$140,4,FALSE),"") -> 367 | PD5: =IFERROR(VLOOKUP($A5,'1909'!$A$3:$E$140,5,FALSE),"") -> 34488.54 | PE5: =IFERROR(VLOOKUP($A5,'1909'!$A$3:$F$140,6,FALSE),"") -> 125 | PF5: =IFERROR(VLOOKUP($A5,'1909'!$A$3:$G$140,7,FALSE),"") -> 12026.67 | PG5: =IFERROR(VLOOKUP($A5,'1909'!$A$3:$H$140,8,FALSE),"") -> 0 | PH5: =IFERROR(VLOOKUP($A5,'1909'!$A$3:$I$140,9,FALSE),"") -> 0 | PI5: =IFERROR(VLOOKUP($A5,'1909'!$A$3:$J$140,10,FALSE),"") -> 0 | PJ5: =IFERROR(VLOOKUP($A5,'1910'!$A$3:$B$140,2,FALSE),"") -> 548 | PK5: =IFERROR(VLOOKUP($A5,'1910'!$A$3:$C$140,3,FALSE),"") -> 45213.18 | PL5: =IFERROR(VLOOKUP($A5,'1910'!$A$3:$D$140,4,FALSE),"") -> 373 | PM5: =IFERROR(VLOOKUP($A5,'1910'!$A$3:$E$140,5,FALSE),"") -> 34060.64 | PN5: =IFERROR(VLOOKUP($A5,'1910'!$A$3:$F$140,6,FALSE),"") -> 100 | PO5: =IFERROR(VLOOKUP($A5,'1910'!$A$3:$G$140,7,FALSE),"") -> 9480.16 | PP5: =IFERROR(VLOOKUP($A5,'1910'!$A$3:$H$140,8,FALSE),"") -> 0 | PQ5: =IFERROR(VLOOKUP($A5,'1910'!$A$3:$I$140,9,FALSE),"") -> 0 | PR5: =IFERROR(VLOOKUP($A5,'1910'!$A$3:$J$140,10,FALSE),"") -> 0 | PS5: =IFERROR(VLOOKUP($A5,'1911'!$A$3:$B$140,2,FALSE),"") -> 558 | PT5: =IFERROR(VLOOKUP($A5,'1911'!$A$3:$C$140,3,FALSE),"") -> 45658.34 | PU5: =IFERROR(VLOOKUP($A5,'1911'!$A$3:$D$140,4,FALSE),"") -> 440 | PV5: =IFERROR(VLOOKUP($A5,'1911'!$A$3:$E$140,5,FALSE),"") -> 39641.84 | PW5: =IFERROR(VLOOKUP($A5,'1911'!$A$3:$F$140,6,FALSE),"") -> 91 | PX5: =IFERROR(VLOOKUP($A5,'1911'!$A$3:$G$140,7,FALSE),"") -> 7834.48 | PY5: =IFERROR(VLOOKUP($A5,'1911'!$A$3:$H$140,8,FALSE),"") -> 0 | PZ5: =IFERROR(VLOOKUP($A5,'1911'!$A$3:$I$140,9,FALSE),"") -> 0 | QA5: =IFERROR(VLOOKUP($A5,'1911'!$A$3:$J$140,10,FALSE),"") -> 0 | QB5: =IFERROR(VLOOKUP($A5,'1912'!$A$3:$B$140,2,FALSE),"") -> 834 | QC5: =IFERROR(VLOOKUP($A5,'1912'!$A$3:$C$140,3,FALSE),"") -> 82296.82 | QD5: =IFERROR(VLOOKUP($A5,'1912'!$A$3:$D$140,4,FALSE),"") -> 331 | QE5: =IFERROR(VLOOKUP($A5,'1912'!$A$3:$E$140,5,FALSE),"") -> 29275.61 | QF5: =IFERROR(VLOOKUP($A5,'1912'!$A$3:$F$140,6,FALSE),"") -> 77 | QG5: =IFERROR(VLOOKUP($A5,'1912'!$A$3:$G$140,7,FALSE),"") -> 5510.32 | QH5: =IFERROR(VLOOKUP($A5,'1912'!$A$3:$H$140,8,FALSE),"") -> 0 | QI5: =IFERROR(VLOOKUP($A5,'1912'!$A$3:$I$140,9,FALSE),"") -> 0 | QJ5: =IFERROR(VLOOKUP($A5,'1912'!$A$3:$J$140,10,FALSE),"") -> 0
A6: Fairbanks, AK | B6: Alaska | C6: =IFERROR(VLOOKUP($A6,'1863'!$A$3:$B$140,2,FALSE),"") | D6: =IFERROR(VLOOKUP($A6,'1863'!$A$3:$C$140,3,FALSE),"") | E6: =IFERROR(VLOOKUP($A6,'1863'!$A$3:$D$140,4,FALSE),"") | F6: =IFERROR(VLOOKUP($A6,'1863'!$A$3:$E$140,5,FALSE),"") | G6: =IFERROR(VLOOKUP($A6,'1863'!$A$3:$F$140,6,FALSE),"") | H6: =IFERROR(VLOOKUP($A6,'1863'!$A$3:$G$140,7,FALSE),"") | I6: =IFERROR(VLOOKUP($A6,'1863'!$A$3:$H$140,8,FALSE),"") | J6: =IFERROR(VLOOKUP($A6,'1863'!$A$3:$I$140,9,FALSE),"") | K6: =IFERROR(VLOOKUP($A6,'1863'!$A$3:$J$140,10,FALSE),"") | L6: =IFERROR(VLOOKUP($A6,'1864'!$A$3:$B$140,2,FALSE),"") | M6: =IFERROR(VLOOKUP($A6,'1864'!$A$3:$C$140,3,FALSE),"") | N6: =IFERROR(VLOOKUP($A6,'1864'!$A$3:$D$140,4,FALSE),"") | O6: =IFERROR(VLOOKUP($A6,'1864'!$A$3:$E$140,5,FALSE),"") | P6: =IFERROR(VLOOKUP($A6,'1864'!$A$3:$F$140,6,FALSE),"") | Q6: =IFERROR(VLOOKUP($A6,'1864'!$A$3:$G$140,7,FALSE),"") | R6: =IFERROR(VLOOKUP($A6,'1864'!$A$3:$H$140,8,FALSE),"") | S6: =IFERROR(VLOOKUP($A6,'1864'!$A$3:$I$140,9,FALSE),"") | T6: =IFERROR(VLOOKUP($A6,'1864'!$A$3:$J$140,10,FALSE),"") | U6: =IFERROR(VLOOKUP($A6,'1865'!$A$3:$B$140,2,FALSE),"") | V6: =IFERROR(VLOOKUP($A6,'1865'!$A$3:$C$140,3,FALSE),"") | W6: =IFERROR(VLOOKUP($A6,'1865'!$A$3:$D$140,4,FALSE),"") | X6: =IFERROR(VLOOKUP($A6,'1865'!$A$3:$E$140,5,FALSE),"") | Y6: =IFERROR(VLOOKUP($A6,'1865'!$A$3:$F$140,6,FALSE),"") | Z6: =IFERROR(VLOOKUP($A6,'1865'!$A$3:$G$140,7,FALSE),"") | AA6: =IFERROR(VLOOKUP($A6,'1865'!$A$3:$H$140,8,FALSE),"") | AB6: =IFERROR(VLOOKUP($A6,'1865'!$A$3:$I$140,9,FALSE),"") | AC6: =IFERROR(VLOOKUP($A6,'1865'!$A$3:$J$140,10,FALSE),"") | AD6: =IFERROR(VLOOKUP($A6,'1866'!$A$3:$B$140,2,FALSE),"") | AE6: =IFERROR(VLOOKUP($A6,'1866'!$A$3:$C$140,3,FALSE),"") | AF6: =IFERROR(VLOOKUP($A6,'1866'!$A$3:$D$140,4,FALSE),"") | AG6: =IFERROR(VLOOKUP($A6,'1866'!$A$3:$E$140,5,FALSE),"") | AH6: =IFERROR(VLOOKUP($A6,'1866'!$A$3:$F$140,6,FALSE),"") | AI6: =IFERROR(VLOOKUP($A6,'1866'!$A$3:$G$140,7,FALSE),"") | AJ6: =IFERROR(VLOOKUP($A6,'1866'!$A$3:$H$140,8,FALSE),"") | AK6: =IFERROR(VLOOKUP($A6,'1866'!$A$3:$I$140,9,FALSE),"") | AL6: =IFERROR(VLOOKUP($A6,'1866'!$A$3:$J$140,10,FALSE),"") | AM6: =IFERROR(VLOOKUP($A6,'1867'!$A$3:$B$140,2,FALSE),"") | AN6: =IFERROR(VLOOKUP($A6,'1867'!$A$3:$C$140,3,FALSE),"") | AO6: =IFERROR(VLOOKUP($A6,'1867'!$A$3:$D$140,4,FALSE),"") | AP6: =IFERROR(VLOOKUP($A6,'1867'!$A$3:$E$140,5,FALSE),"") | AQ6: =IFERROR(VLOOKUP($A6,'1867'!$A$3:$F$140,6,FALSE),"") | AR6: =IFERROR(VLOOKUP($A6,'1867'!$A$3:$G$140,7,FALSE),"") | AS6: =IFERROR(VLOOKUP($A6,'1867'!$A$3:$H$140,8,FALSE),"") | AT6: =IFERROR(VLOOKUP($A6,'1867'!$A$3:$I$140,9,FALSE),"") | AU6: =IFERROR(VLOOKUP($A6,'1867'!$A$3:$J$140,10,FALSE),"") | AV6: =IFERROR(VLOOKUP($A6,'1868'!$A$3:$B$140,2,FALSE),"") | AW6: =IFERROR(VLOOKUP($A6,'1868'!$A$3:$C$140,3,FALSE),"") | AX6: =IFERROR(VLOOKUP($A6,'1868'!$A$3:$D$140,4,FALSE),"") | AY6: =IFERROR(VLOOKUP($A6,'1868'!$A$3:$E$140,5,FALSE),"") | AZ6: =IFERROR(VLOOKUP($A6,'1868'!$A$3:$F$140,6,FALSE),"") | BA6: =IFERROR(VLOOKUP($A6,'1868'!$A$3:$G$140,7,FALSE),"") | BB6: =IFERROR(VLOOKUP($A6,'1868'!$A$3:$H$140,8,FALSE),"") | BC6: =IFERROR(VLOOKUP($A6,'1868'!$A$3:$I$140,9,FALSE),"") | BD6: =IFERROR(VLOOKUP($A6,'1868'!$A$3:$J$140,10,FALSE),"") | BE6: =IFERROR(VLOOKUP($A6,'1869'!$A$3:$B$140,2,FALSE),"") | BF6: =IFERROR(VLOOKUP($A6,'1869'!$A$3:$C$140,3,FALSE),"") | BG6: =IFERROR(VLOOKUP($A6,'1869'!$A$3:$D$140,4,FALSE),"") | BH6: =IFERROR(VLOOKUP($A6,'1869'!$A$3:$E$140,5,FALSE),"") | BI6: =IFERROR(VLOOKUP($A6,'1869'!$A$3:$F$140,6,FALSE),"") | BJ6: =IFERROR(VLOOKUP($A6,'1869'!$A$3:$G$140,7,FALSE),"") | BK6: =IFERROR(VLOOKUP($A6,'1869'!$A$3:$H$140,8,FALSE),"") | BL6: =IFERROR(VLOOKUP($A6,'1869'!$A$3:$I$140,9,FALSE),"") | BM6: =IFERROR(VLOOKUP($A6,'1869'!$A$3:$J$140,10,FALSE),"") | BN6: =IFERROR(VLOOKUP($A6,'1870'!$A$3:$B$140,2,FALSE),"") | BO6: =IFERROR(VLOOKUP($A6,'1870'!$A$3:$C$140,3,FALSE),"") | BP6: =IFERROR(VLOOKUP($A6,'1870'!$A$3:$D$140,4,FALSE),"") | BQ6: =IFERROR(VLOOKUP($A6,'1870'!$A$3:$E$140,5,FALSE),"") | BR6: =IFERROR(VLOOKUP($A6,'1870'!$A$3:$F$140,6,FALSE),"") | BS6: =IFERROR(VLOOKUP($A6,'1870'!$A$3:$G$140,7,FALSE),"") | BT6: =IFERROR(VLOOKUP($A6,'1870'!$A$3:$H$140,8,FALSE),"") | BU6: =IFERROR(VLOOKUP($A6,'1870'!$A$3:$I$140,9,FALSE),"") | BV6: =IFERROR(VLOOKUP($A6,'1870'!$A$3:$J$140,10,FALSE),"") | BW6: =IFERROR(VLOOKUP($A6,'1871'!$A$3:$B$140,2,FALSE),"") | BX6: =IFERROR(VLOOKUP($A6,'1871'!$A$3:$C$140,3,FALSE),"") | BY6: =IFERROR(VLOOKUP($A6,'1871'!$A$3:$D$140,4,FALSE),"") | BZ6: =IFERROR(VLOOKUP($A6,'1871'!$A$3:$E$140,5,FALSE),"") | CA6: =IFERROR(VLOOKUP($A6,'1871'!$A$3:$F$140,6,FALSE),"") | CB6: =IFERROR(VLOOKUP($A6,'1871'!$A$3:$G$140,7,FALSE),"") | CC6: =IFERROR(VLOOKUP($A6,'1871'!$A$3:$H$140,8,FALSE),"") | CD6: =IFERROR(VLOOKUP($A6,'1871'!$A$3:$I$140,9,FALSE),"") | CE6: =IFERROR(VLOOKUP($A6,'1871'!$A$3:$J$140,10,FALSE),"") | CF6: =IFERROR(VLOOKUP($A6,'1872'!$A$3:$B$140,2,FALSE),"") | CG6: =IFERROR(VLOOKUP($A6,'1872'!$A$3:$C$140,3,FALSE),"") | CH6: =IFERROR(VLOOKUP($A6,'1872'!$A$3:$D$140,4,FALSE),"") | CI6: =IFERROR(VLOOKUP($A6,'1872'!$A$3:$E$140,5,FALSE),"") | CJ6: =IFERROR(VLOOKUP($A6,'1872'!$A$3:$F$140,6,FALSE),"") | CK6: =IFERROR(VLOOKUP($A6,'1872'!$A$3:$G$140,7,FALSE),"") | CL6: =IFERROR(VLOOKUP($A6,'1872'!$A$3:$H$140,8,FALSE),"") | CM6: =IFERROR(VLOOKUP($A6,'1872'!$A$3:$I$140,9,FALSE),"") | CN6: =IFERROR(VLOOKUP($A6,'1872'!$A$3:$J$140,10,FALSE),"") | CO6: =IFERROR(VLOOKUP($A6,'1873'!$A$3:$B$140,2,FALSE),"") | CP6: =IFERROR(VLOOKUP($A6,'1873'!$A$3:$C$140,3,FALSE),"") | CQ6: =IFERROR(VLOOKUP($A6,'1873'!$A$3:$D$140,4,FALSE),"") | CR6: =IFERROR(VLOOKUP($A6,'1873'!$A$3:$E$140,5,FALSE),"") | CS6: =IFERROR(VLOOKUP($A6,'1873'!$A$3:$F$140,6,FALSE),"") | CT6: =IFERROR(VLOOKUP($A6,'1873'!$A$3:$G$140,7,FALSE),"") | CU6: =IFERROR(VLOOKUP($A6,'1873'!$A$3:$H$140,8,FALSE),"") | CV6: =IFERROR(VLOOKUP($A6,'1873'!$A$3:$I$140,9,FALSE),"") | CW6: =IFERROR(VLOOKUP($A6,'1873'!$A$3:$J$140,10,FALSE),"") | CX6: =IFERROR(VLOOKUP($A6,'1874'!$A$3:$B$140,2,FALSE),"") | CY6: =IFERROR(VLOOKUP($A6,'1874'!$A$3:$C$140,3,FALSE),"") | CZ6: =IFERROR(VLOOKUP($A6,'1874'!$A$3:$D$140,4,FALSE),"") | DA6: =IFERROR(VLOOKUP($A6,'1874'!$A$3:$E$140,5,FALSE),"") | DB6: =IFERROR(VLOOKUP($A6,'1874'!$A$3:$F$140,6,FALSE),"") | DC6: =IFERROR(VLOOKUP($A6,'1874'!$A$3:$G$140,7,FALSE),"") | DD6: =IFERROR(VLOOKUP($A6,'1874'!$A$3:$H$140,8,FALSE),"") | DE6: =IFERROR(VLOOKUP($A6,'1874'!$A$3:$I$140,9,FALSE),"") | DF6: =IFERROR(VLOOKUP($A6,'1874'!$A$3:$J$140,10,FALSE),"") | DG6: =IFERROR(VLOOKUP($A6,'1875'!$A$3:$B$140,2,FALSE),"") | DH6: =IFERROR(VLOOKUP($A6,'1875'!$A$3:$C$140,3,FALSE),"") | DI6: =IFERROR(VLOOKUP($A6,'1875'!$A$3:$D$140,4,FALSE),"") | DJ6: =IFERROR(VLOOKUP($A6,'1875'!$A$3:$E$140,5,FALSE),"") | DK6: =IFERROR(VLOOKUP($A6,'1875'!$A$3:$F$140,6,FALSE),"") | DL6: =IFERROR(VLOOKUP($A6,'1875'!$A$3:$G$140,7,FALSE),"") | DM6: =IFERROR(VLOOKUP($A6,'1875'!$A$3:$H$140,8,FALSE),"") | DN6: =IFERROR(VLOOKUP($A6,'1875'!$A$3:$I$140,9,FALSE),"") | DO6: =IFERROR(VLOOKUP($A6,'1875'!$A$3:$J$140,10,FALSE),"") | DP6: =IFERROR(VLOOKUP($A6,'1876'!$A$3:$B$140,2,FALSE),"") | DQ6: =IFERROR(VLOOKUP($A6,'1876'!$A$3:$C$140,3,FALSE),"") | DR6: =IFERROR(VLOOKUP($A6,'1876'!$A$3:$D$140,4,FALSE),"") | DS6: =IFERROR(VLOOKUP($A6,'1876'!$A$3:$E$140,5,FALSE),"") | DT6: =IFERROR(VLOOKUP($A6,'1876'!$A$3:$F$140,6,FALSE),"") | DU6: =IFERROR(VLOOKUP($A6,'1876'!$A$3:$G$140,7,FALSE),"") | DV6: =IFERROR(VLOOKUP($A6,'1876'!$A$3:$H$140,8,FALSE),"") | DW6: =IFERROR(VLOOKUP($A6,'1876'!$A$3:$I$140,9,FALSE),"") | DX6: =IFERROR(VLOOKUP($A6,'1876'!$A$3:$J$140,10,FALSE),"") | DY6: =IFERROR(VLOOKUP($A6,'1877'!$A$3:$B$140,2,FALSE),"") | DZ6: =IFERROR(VLOOKUP($A6,'1877'!$A$3:$C$140,3,FALSE),"") | EA6: =IFERROR(VLOOKUP($A6,'1877'!$A$3:$D$140,4,FALSE),"") | EB6: =IFERROR(VLOOKUP($A6,'1877'!$A$3:$E$140,5,FALSE),"") | EC6: =IFERROR(VLOOKUP($A6,'1877'!$A$3:$F$140,6,FALSE),"") | ED6: =IFERROR(VLOOKUP($A6,'1877'!$A$3:$G$140,7,FALSE),"") | EE6: =IFERROR(VLOOKUP($A6,'1877'!$A$3:$H$140,8,FALSE),"") | EF6: =IFERROR(VLOOKUP($A6,'1877'!$A$3:$I$140,9,FALSE),"") | EG6: =IFERROR(VLOOKUP($A6,'1877'!$A$3:$J$140,10,FALSE),"") | EH6: =IFERROR(VLOOKUP($A6,'1878'!$A$3:$B$140,2,FALSE),"") | EI6: =IFERROR(VLOOKUP($A6,'1878'!$A$3:$C$140,3,FALSE),"") | EJ6: =IFERROR(VLOOKUP($A6,'1878'!$A$3:$D$140,4,FALSE),"") | EK6: =IFERROR(VLOOKUP($A6,'1878'!$A$3:$E$140,5,FALSE),"") | EL6: =IFERROR(VLOOKUP($A6,'1878'!$A$3:$F$140,6,FALSE),"") | EM6: =IFERROR(VLOOKUP($A6,'1878'!$A$3:$G$140,7,FALSE),"") | EN6: =IFERROR(VLOOKUP($A6,'1878'!$A$3:$H$140,8,FALSE),"") | EO6: =IFERROR(VLOOKUP($A6,'1878'!$A$3:$I$140,9,FALSE),"") | EP6: =IFERROR(VLOOKUP($A6,'1878'!$A$3:$J$140,10,FALSE),"") | EQ6: =IFERROR(VLOOKUP($A6,'1879'!$A$3:$B$140,2,FALSE),"") | ER6: =IFERROR(VLOOKUP($A6,'1879'!$A$3:$C$140,3,FALSE),"") | ES6: =IFERROR(VLOOKUP($A6,'1879'!$A$3:$D$140,4,FALSE),"") | ET6: =IFERROR(VLOOKUP($A6,'1879'!$A$3:$E$140,5,FALSE),"") | EU6: =IFERROR(VLOOKUP($A6,'1879'!$A$3:$F$140,6,FALSE),"") | EV6: =IFERROR(VLOOKUP($A6,'1879'!$A$3:$G$140,7,FALSE),"") | EW6: =IFERROR(VLOOKUP($A6,'1879'!$A$3:$H$140,8,FALSE),"") | EX6: =IFERROR(VLOOKUP($A6,'1879'!$A$3:$I$140,9,FALSE),"") | EY6: =IFERROR(VLOOKUP($A6,'1879'!$A$3:$J$140,10,FALSE),"") | EZ6: =IFERROR(VLOOKUP($A6,'1880'!$A$3:$B$140,2,FALSE),"") | FA6: =IFERROR(VLOOKUP($A6,'1880'!$A$3:$C$140,3,FALSE),"") | FB6: =IFERROR(VLOOKUP($A6,'1880'!$A$3:$D$140,4,FALSE),"") | FC6: =IFERROR(VLOOKUP($A6,'1880'!$A$3:$E$140,5,FALSE),"") | FD6: =IFERROR(VLOOKUP($A6,'1880'!$A$3:$F$140,6,FALSE),"") | FE6: =IFERROR(VLOOKUP($A6,'1880'!$A$3:$G$140,7,FALSE),"") | FF6: =IFERROR(VLOOKUP($A6,'1880'!$A$3:$H$140,8,FALSE),"") | FG6: =IFERROR(VLOOKUP($A6,'1880'!$A$3:$I$140,9,FALSE),"") | FH6: =IFERROR(VLOOKUP($A6,'1880'!$A$3:$J$140,10,FALSE),"") | FI6: =IFERROR(VLOOKUP($A6,'1881'!$A$3:$B$140,2,FALSE),"") | FJ6: =IFERROR(VLOOKUP($A6,'1881'!$A$3:$C$140,3,FALSE),"") | FK6: =IFERROR(VLOOKUP($A6,'1881'!$A$3:$D$140,4,FALSE),"") | FL6: =IFERROR(VLOOKUP($A6,'1881'!$A$3:$E$140,5,FALSE),"") | FM6: =IFERROR(VLOOKUP($A6,'1881'!$A$3:$F$140,6,FALSE),"") | FN6: =IFERROR(VLOOKUP($A6,'1881'!$A$3:$G$140,7,FALSE),"") | FO6: =IFERROR(VLOOKUP($A6,'1881'!$A$3:$H$140,8,FALSE),"") | FP6: =IFERROR(VLOOKUP($A6,'1881'!$A$3:$I$140,9,FALSE),"") | FQ6: =IFERROR(VLOOKUP($A6,'1881'!$A$3:$J$140,10,FALSE),"") | FR6: =IFERROR(VLOOKUP($A6,'1882'!$A$3:$B$140,2,FALSE),"") | FS6: =IFERROR(VLOOKUP($A6,'1882'!$A$3:$C$140,3,FALSE),"") | FT6: =IFERROR(VLOOKUP($A6,'1882'!$A$3:$D$140,4,FALSE),"") | FU6: =IFERROR(VLOOKUP($A6,'1882'!$A$3:$E$140,5,FALSE),"") | FV6: =IFERROR(VLOOKUP($A6,'1882'!$A$3:$F$140,6,FALSE),"") | FW6: =IFERROR(VLOOKUP($A6,'1882'!$A$3:$G$140,7,FALSE),"") | FX6: =IFERROR(VLOOKUP($A6,'1882'!$A$3:$H$140,8,FALSE),"") | FY6: =IFERROR(VLOOKUP($A6,'1882'!$A$3:$I$140,9,FALSE),"") | FZ6: =IFERROR(VLOOKUP($A6,'1882'!$A$3:$J$140,10,FALSE),"") | GA6: =IFERROR(VLOOKUP($A6,'1883'!$A$3:$B$140,2,FALSE),"") | GB6: =IFERROR(VLOOKUP($A6,'1883'!$A$3:$C$140,3,FALSE),"") | GC6: =IFERROR(VLOOKUP($A6,'1883'!$A$3:$D$140,4,FALSE),"") | GD6: =IFERROR(VLOOKUP($A6,'1883'!$A$3:$E$140,5,FALSE),"") | GE6: =IFERROR(VLOOKUP($A6,'1883'!$A$3:$F$140,6,FALSE),"") | GF6: =IFERROR(VLOOKUP($A6,'1883'!$A$3:$G$140,7,FALSE),"") | GG6: =IFERROR(VLOOKUP($A6,'1883'!$A$3:$H$140,8,FALSE),"") | GH6: =IFERROR(VLOOKUP($A6,'1883'!$A$3:$I$140,9,FALSE),"") | GI6: =IFERROR(VLOOKUP($A6,'1883'!$A$3:$J$140,10,FALSE),"") | GJ6: =IFERROR(VLOOKUP($A6,'1884'!$A$3:$B$140,2,FALSE),"") | GK6: =IFERROR(VLOOKUP($A6,'1884'!$A$3:$C$140,3,FALSE),"") | GL6: =IFERROR(VLOOKUP($A6,'1884'!$A$3:$D$140,4,FALSE),"") | GM6: =IFERROR(VLOOKUP($A6,'1884'!$A$3:$E$140,5,FALSE),"") | GN6: =IFERROR(VLOOKUP($A6,'1884'!$A$3:$F$140,6,FALSE),"") | GO6: =IFERROR(VLOOKUP($A6,'1884'!$A$3:$G$140,7,FALSE),"") | GP6: =IFERROR(VLOOKUP($A6,'1884'!$A$3:$H$140,8,FALSE),"") | GQ6: =IFERROR(VLOOKUP($A6,'1884'!$A$3:$I$140,9,FALSE),"") | GR6: =IFERROR(VLOOKUP($A6,'1884'!$A$3:$J$140,10,FALSE),"") | GS6: =IFERROR(VLOOKUP($A6,'1885'!$A$3:$B$140,2,FALSE),"") | GT6: =IFERROR(VLOOKUP($A6,'1885'!$A$3:$C$140,3,FALSE),"") | GU6: =IFERROR(VLOOKUP($A6,'1885'!$A$3:$D$140,4,FALSE),"") | GV6: =IFERROR(VLOOKUP($A6,'1885'!$A$3:$E$140,5,FALSE),"") | GW6: =IFERROR(VLOOKUP($A6,'1885'!$A$3:$F$140,6,FALSE),"") | GX6: =IFERROR(VLOOKUP($A6,'1885'!$A$3:$G$140,7,FALSE),"") | GY6: =IFERROR(VLOOKUP($A6,'1885'!$A$3:$H$140,8,FALSE),"") | GZ6: =IFERROR(VLOOKUP($A6,'1885'!$A$3:$I$140,9,FALSE),"") | HA6: =IFERROR(VLOOKUP($A6,'1885'!$A$3:$J$140,10,FALSE),"") | HB6: =IFERROR(VLOOKUP($A6,'1886'!$A$3:$B$140,2,FALSE),"") | HC6: =IFERROR(VLOOKUP($A6,'1886'!$A$3:$C$140,3,FALSE),"") | HD6: =IFERROR(VLOOKUP($A6,'1886'!$A$3:$D$140,4,FALSE),"") | HE6: =IFERROR(VLOOKUP($A6,'1886'!$A$3:$E$140,5,FALSE),"") | HF6: =IFERROR(VLOOKUP($A6,'1886'!$A$3:$F$140,6,FALSE),"") | HG6: =IFERROR(VLOOKUP($A6,'1886'!$A$3:$G$140,7,FALSE),"") | HH6: =IFERROR(VLOOKUP($A6,'1886'!$A$3:$H$140,8,FALSE),"") | HI6: =IFERROR(VLOOKUP($A6,'1886'!$A$3:$I$140,9,FALSE),"") | HJ6: =IFERROR(VLOOKUP($A6,'1886'!$A$3:$J$140,10,FALSE),"") | HK6: =IFERROR(VLOOKUP($A6,'1887'!$A$3:$B$140,2,FALSE),"") | HL6: =IFERROR(VLOOKUP($A6,'1887'!$A$3:$C$140,3,FALSE),"") | HM6: =IFERROR(VLOOKUP($A6,'1887'!$A$3:$D$140,4,FALSE),"") | HN6: =IFERROR(VLOOKUP($A6,'1887'!$A$3:$E$140,5,FALSE),"") | HO6: =IFERROR(VLOOKUP($A6,'1887'!$A$3:$F$140,6,FALSE),"") | HP6: =IFERROR(VLOOKUP($A6,'1887'!$A$3:$G$140,7,FALSE),"") | HQ6: =IFERROR(VLOOKUP($A6,'1887'!$A$3:$H$140,8,FALSE),"") | HR6: =IFERROR(VLOOKUP($A6,'1887'!$A$3:$I$140,9,FALSE),"") | HS6: =IFERROR(VLOOKUP($A6,'1887'!$A$3:$J$140,10,FALSE),"") | HT6: =IFERROR(VLOOKUP($A6,'1888'!$A$3:$B$140,2,FALSE),"") | HU6: =IFERROR(VLOOKUP($A6,'1888'!$A$3:$C$140,3,FALSE),"") | HV6: =IFERROR(VLOOKUP($A6,'1888'!$A$3:$D$140,4,FALSE),"") | HW6: =IFERROR(VLOOKUP($A6,'1888'!$A$3:$E$140,5,FALSE),"") | HX6: =IFERROR(VLOOKUP($A6,'1888'!$A$3:$F$140,6,FALSE),"") | HY6: =IFERROR(VLOOKUP($A6,'1888'!$A$3:$G$140,7,FALSE),"") | HZ6: =IFERROR(VLOOKUP($A6,'1888'!$A$3:$H$140,8,FALSE),"") | IA6: =IFERROR(VLOOKUP($A6,'1888'!$A$3:$I$140,9,FALSE),"") | IB6: =IFERROR(VLOOKUP($A6,'1888'!$A$3:$J$140,10,FALSE),"") | IC6: =IFERROR(VLOOKUP($A6,'1889'!$A$3:$B$140,2,FALSE),"") | ID6: =IFERROR(VLOOKUP($A6,'1889'!$A$3:$C$140,3,FALSE),"") | IE6: =IFERROR(VLOOKUP($A6,'1889'!$A$3:$D$140,4,FALSE),"") | IF6: =IFERROR(VLOOKUP($A6,'1889'!$A$3:$E$140,5,FALSE),"") | IG6: =IFERROR(VLOOKUP($A6,'1889'!$A$3:$F$140,6,FALSE),"") | IH6: =IFERROR(VLOOKUP($A6,'1889'!$A$3:$G$140,7,FALSE),"") | II6: =IFERROR(VLOOKUP($A6,'1889'!$A$3:$H$140,8,FALSE),"") | IJ6: =IFERROR(VLOOKUP($A6,'1889'!$A$3:$I$140,9,FALSE),"") | IK6: =IFERROR(VLOOKUP($A6,'1889'!$A$3:$J$140,10,FALSE),"") | IL6: =IFERROR(VLOOKUP($A6,'1890'!$A$3:$B$140,2,FALSE),"") | IM6: =IFERROR(VLOOKUP($A6,'1890'!$A$3:$C$140,3,FALSE),"") | IN6: =IFERROR(VLOOKUP($A6,'1890'!$A$3:$D$140,4,FALSE),"") | IO6: =IFERROR(VLOOKUP($A6,'1890'!$A$3:$E$140,5,FALSE),"") | IP6: =IFERROR(VLOOKUP($A6,'1890'!$A$3:$F$140,6,FALSE),"") | IQ6: =IFERROR(VLOOKUP($A6,'1890'!$A$3:$G$140,7,FALSE),"") | IR6: =IFERROR(VLOOKUP($A6,'1890'!$A$3:$H$140,8,FALSE),"") | IS6: =IFERROR(VLOOKUP($A6,'1890'!$A$3:$I$140,9,FALSE),"") | IT6: =IFERROR(VLOOKUP($A6,'1890'!$A$3:$J$140,10,FALSE),"") | IU6: =IFERROR(VLOOKUP($A6,'1891'!$A$3:$B$140,2,FALSE),"") | IV6: =IFERROR(VLOOKUP($A6,'1891'!$A$3:$C$140,3,FALSE),"") | IW6: =IFERROR(VLOOKUP($A6,'1891'!$A$3:$D$140,4,FALSE),"") | IX6: =IFERROR(VLOOKUP($A6,'1891'!$A$3:$E$140,5,FALSE),"") | IY6: =IFERROR(VLOOKUP($A6,'1891'!$A$3:$F$140,6,FALSE),"") | IZ6: =IFERROR(VLOOKUP($A6,'1891'!$A$3:$G$140,7,FALSE),"") | JA6: =IFERROR(VLOOKUP($A6,'1891'!$A$3:$H$140,8,FALSE),"") | JB6: =IFERROR(VLOOKUP($A6,'1891'!$A$3:$I$140,9,FALSE),"") | JC6: =IFERROR(VLOOKUP($A6,'1891'!$A$3:$J$140,10,FALSE),"") | JD6: =IFERROR(VLOOKUP($A6,'1892'!$A$3:$B$140,2,FALSE),"") | JE6: =IFERROR(VLOOKUP($A6,'1892'!$A$3:$C$140,3,FALSE),"") | JF6: =IFERROR(VLOOKUP($A6,'1892'!$A$3:$D$140,4,FALSE),"") | JG6: =IFERROR(VLOOKUP($A6,'1892'!$A$3:$E$140,5,FALSE),"") | JH6: =IFERROR(VLOOKUP($A6,'1892'!$A$3:$F$140,6,FALSE),"") | JI6: =IFERROR(VLOOKUP($A6,'1892'!$A$3:$G$140,7,FALSE),"") | JJ6: =IFERROR(VLOOKUP($A6,'1892'!$A$3:$H$140,8,FALSE),"") | JK6: =IFERROR(VLOOKUP($A6,'1892'!$A$3:$I$140,9,FALSE),"") | JL6: =IFERROR(VLOOKUP($A6,'1892'!$A$3:$J$140,10,FALSE),"") | JM6: =IFERROR(VLOOKUP($A6,'1893'!$A$3:$B$140,2,FALSE),"") | JN6: =IFERROR(VLOOKUP($A6,'1893'!$A$3:$C$140,3,FALSE),"") | JO6: =IFERROR(VLOOKUP($A6,'1893'!$A$3:$D$140,4,FALSE),"") | JP6: =IFERROR(VLOOKUP($A6,'1893'!$A$3:$E$140,5,FALSE),"") | JQ6: =IFERROR(VLOOKUP($A6,'1893'!$A$3:$F$140,6,FALSE),"") | JR6: =IFERROR(VLOOKUP($A6,'1893'!$A$3:$G$140,7,FALSE),"") | JS6: =IFERROR(VLOOKUP($A6,'1893'!$A$3:$H$140,8,FALSE),"") | JT6: =IFERROR(VLOOKUP($A6,'1893'!$A$3:$I$140,9,FALSE),"") | JU6: =IFERROR(VLOOKUP($A6,'1893'!$A$3:$J$140,10,FALSE),"") | JV6: =IFERROR(VLOOKUP($A6,'1894'!$A$3:$B$140,2,FALSE),"") | JW6: =IFERROR(VLOOKUP($A6,'1894'!$A$3:$C$140,3,FALSE),"") | JX6: =IFERROR(VLOOKUP($A6,'1894'!$A$3:$D$140,4,FALSE),"") | JY6: =IFERROR(VLOOKUP($A6,'1894'!$A$3:$E$140,5,FALSE),"") | JZ6: =IFERROR(VLOOKUP($A6,'1894'!$A$3:$F$140,6,FALSE),"") | KA6: =IFERROR(VLOOKUP($A6,'1894'!$A$3:$G$140,7,FALSE),"") | KB6: =IFERROR(VLOOKUP($A6,'1894'!$A$3:$H$140,8,FALSE),"") | KC6: =IFERROR(VLOOKUP($A6,'1894'!$A$3:$I$140,9,FALSE),"") | KD6: =IFERROR(VLOOKUP($A6,'1894'!$A$3:$J$140,10,FALSE),"") | KE6: =IFERROR(VLOOKUP($A6,'1895'!$A$3:$B$140,2,FALSE),"") | KF6: =IFERROR(VLOOKUP($A6,'1895'!$A$3:$C$140,3,FALSE),"") | KG6: =IFERROR(VLOOKUP($A6,'1895'!$A$3:$D$140,4,FALSE),"") | KH6: =IFERROR(VLOOKUP($A6,'1895'!$A$3:$E$140,5,FALSE),"") | KI6: =IFERROR(VLOOKUP($A6,'1895'!$A$3:$F$140,6,FALSE),"") | KJ6: =IFERROR(VLOOKUP($A6,'1895'!$A$3:$G$140,7,FALSE),"") | KK6: =IFERROR(VLOOKUP($A6,'1895'!$A$3:$H$140,8,FALSE),"") | KL6: =IFERROR(VLOOKUP($A6,'1895'!$A$3:$I$140,9,FALSE),"") | KM6: =IFERROR(VLOOKUP($A6,'1895'!$A$3:$J$140,10,FALSE),"") | KN6: =IFERROR(VLOOKUP($A6,'1896'!$A$3:$B$140,2,FALSE),"") | KO6: =IFERROR(VLOOKUP($A6,'1896'!$A$3:$C$140,3,FALSE),"") | KP6: =IFERROR(VLOOKUP($A6,'1896'!$A$3:$D$140,4,FALSE),"") | KQ6: =IFERROR(VLOOKUP($A6,'1896'!$A$3:$E$140,5,FALSE),"") | KR6: =IFERROR(VLOOKUP($A6,'1896'!$A$3:$F$140,6,FALSE),"") | KS6: =IFERROR(VLOOKUP($A6,'1896'!$A$3:$G$140,7,FALSE),"") | KT6: =IFERROR(VLOOKUP($A6,'1896'!$A$3:$H$140,8,FALSE),"") | KU6: =IFERROR(VLOOKUP($A6,'1896'!$A$3:$I$140,9,FALSE),"") | KV6: =IFERROR(VLOOKUP($A6,'1896'!$A$3:$J$140,10,FALSE),"") | KW6: =IFERROR(VLOOKUP($A6,'1897'!$A$3:$B$140,2,FALSE),"") | KX6: =IFERROR(VLOOKUP($A6,'1897'!$A$3:$C$140,3,FALSE),"") | KY6: =IFERROR(VLOOKUP($A6,'1897'!$A$3:$D$140,4,FALSE),"") | KZ6: =IFERROR(VLOOKUP($A6,'1897'!$A$3:$E$140,5,FALSE),"") | LA6: =IFERROR(VLOOKUP($A6,'1897'!$A$3:$F$140,6,FALSE),"") | LB6: =IFERROR(VLOOKUP($A6,'1897'!$A$3:$G$140,7,FALSE),"") | LC6: =IFERROR(VLOOKUP($A6,'1897'!$A$3:$H$140,8,FALSE),"") | LD6: =IFERROR(VLOOKUP($A6,'1897'!$A$3:$I$140,9,FALSE),"") | LE6: =IFERROR(VLOOKUP($A6,'1897'!$A$3:$J$140,10,FALSE),"") | LF6: =IFERROR(VLOOKUP($A6,'1898'!$A$3:$B$140,2,FALSE),"") | LG6: =IFERROR(VLOOKUP($A6,'1898'!$A$3:$C$140,3,FALSE),"") | LH6: =IFERROR(VLOOKUP($A6,'1898'!$A$3:$D$140,4,FALSE),"") | LI6: =IFERROR(VLOOKUP($A6,'1898'!$A$3:$E$140,5,FALSE),"") | LJ6: =IFERROR(VLOOKUP($A6,'1898'!$A$3:$F$140,6,FALSE),"") | LK6: =IFERROR(VLOOKUP($A6,'1898'!$A$3:$G$140,7,FALSE),"") | LL6: =IFERROR(VLOOKUP($A6,'1898'!$A$3:$H$140,8,FALSE),"") | LM6: =IFERROR(VLOOKUP($A6,'1898'!$A$3:$I$140,9,FALSE),"") | LN6: =IFERROR(VLOOKUP($A6,'1898'!$A$3:$J$140,10,FALSE),"") | LO6: =IFERROR(VLOOKUP($A6,'1899'!$A$3:$B$140,2,FALSE),"") | LP6: =IFERROR(VLOOKUP($A6,'1899'!$A$3:$C$140,3,FALSE),"") | LQ6: =IFERROR(VLOOKUP($A6,'1899'!$A$3:$D$140,4,FALSE),"") | LR6: =IFERROR(VLOOKUP($A6,'1899'!$A$3:$E$140,5,FALSE),"") | LS6: =IFERROR(VLOOKUP($A6,'1899'!$A$3:$F$140,6,FALSE),"") | LT6: =IFERROR(VLOOKUP($A6,'1899'!$A$3:$G$140,7,FALSE),"") | LU6: =IFERROR(VLOOKUP($A6,'1899'!$A$3:$H$140,8,FALSE),"") | LV6: =IFERROR(VLOOKUP($A6,'1899'!$A$3:$I$140,9,FALSE),"") | LW6: =IFERROR(VLOOKUP($A6,'1899'!$A$3:$J$140,10,FALSE),"") | LX6: =IFERROR(VLOOKUP($A6,'1900'!$A$3:$B$140,2,FALSE),"") | LY6: =IFERROR(VLOOKUP($A6,'1900'!$A$3:$C$140,3,FALSE),"") | LZ6: =IFERROR(VLOOKUP($A6,'1900'!$A$3:$D$140,4,FALSE),"") | MA6: =IFERROR(VLOOKUP($A6,'1900'!$A$3:$E$140,5,FALSE),"") | MB6: =IFERROR(VLOOKUP($A6,'1900'!$A$3:$F$140,6,FALSE),"") | MC6: =IFERROR(VLOOKUP($A6,'1900'!$A$3:$G$140,7,FALSE),"") | MD6: =IFERROR(VLOOKUP($A6,'1900'!$A$3:$H$140,8,FALSE),"") | ME6: =IFERROR(VLOOKUP($A6,'1900'!$A$3:$I$140,9,FALSE),"") | MF6: =IFERROR(VLOOKUP($A6,'1900'!$A$3:$J$140,10,FALSE),"") | MG6: =IFERROR(VLOOKUP($A6,'1901'!$A$3:$B$140,2,FALSE),"") | MH6: =IFERROR(VLOOKUP($A6,'1901'!$A$3:$C$140,3,FALSE),"") | MI6: =IFERROR(VLOOKUP($A6,'1901'!$A$3:$D$140,4,FALSE),"") | MJ6: =IFERROR(VLOOKUP($A6,'1901'!$A$3:$E$140,5,FALSE),"") | MK6: =IFERROR(VLOOKUP($A6,'1901'!$A$3:$F$140,6,FALSE),"") | ML6: =IFERROR(VLOOKUP($A6,'1901'!$A$3:$G$140,7,FALSE),"") | MM6: =IFERROR(VLOOKUP($A6,'1901'!$A$3:$H$140,8,FALSE),"") | MN6: =IFERROR(VLOOKUP($A6,'1901'!$A$3:$I$140,9,FALSE),"") | MO6: =IFERROR(VLOOKUP($A6,'1901'!$A$3:$J$140,10,FALSE),"") | MP6: =IFERROR(VLOOKUP($A6,'1902'!$A$3:$B$140,2,FALSE),"") | MQ6: =IFERROR(VLOOKUP($A6,'1902'!$A$3:$C$140,3,FALSE),"") | MR6: =IFERROR(VLOOKUP($A6,'1902'!$A$3:$D$140,4,FALSE),"") | MS6: =IFERROR(VLOOKUP($A6,'1902'!$A$3:$E$140,5,FALSE),"") | MT6: =IFERROR(VLOOKUP($A6,'1902'!$A$3:$F$140,6,FALSE),"") | MU6: =IFERROR(VLOOKUP($A6,'1902'!$A$3:$G$140,7,FALSE),"") | MV6: =IFERROR(VLOOKUP($A6,'1902'!$A$3:$H$140,8,FALSE),"") | MW6: =IFERROR(VLOOKUP($A6,'1902'!$A$3:$I$140,9,FALSE),"") | MX6: =IFERROR(VLOOKUP($A6,'1902'!$A$3:$J$140,10,FALSE),"") | MY6: =IFERROR(VLOOKUP($A6,'1903'!$A$3:$B$140,2,FALSE),"") | MZ6: =IFERROR(VLOOKUP($A6,'1903'!$A$3:$C$140,3,FALSE),"") | NA6: =IFERROR(VLOOKUP($A6,'1903'!$A$3:$D$140,4,FALSE),"") | NB6: =IFERROR(VLOOKUP($A6,'1903'!$A$3:$E$140,5,FALSE),"") | NC6: =IFERROR(VLOOKUP($A6,'1903'!$A$3:$F$140,6,FALSE),"") | ND6: =IFERROR(VLOOKUP($A6,'1903'!$A$3:$G$140,7,FALSE),"") | NE6: =IFERROR(VLOOKUP($A6,'1903'!$A$3:$H$140,8,FALSE),"") | NF6: =IFERROR(VLOOKUP($A6,'1903'!$A$3:$I$140,9,FALSE),"") | NG6: =IFERROR(VLOOKUP($A6,'1903'!$A$3:$J$140,10,FALSE),"") | NH6: =IFERROR(VLOOKUP($A6,'1904'!$A$3:$B$140,2,FALSE),"") | NI6: =IFERROR(VLOOKUP($A6,'1904'!$A$3:$C$140,3,FALSE),"") | NJ6: =IFERROR(VLOOKUP($A6,'1904'!$A$3:$D$140,4,FALSE),"") | NK6: =IFERROR(VLOOKUP($A6,'1904'!$A$3:$E$140,5,FALSE),"") | NL6: =IFERROR(VLOOKUP($A6,'1904'!$A$3:$F$140,6,FALSE),"") | NM6: =IFERROR(VLOOKUP($A6,'1904'!$A$3:$G$140,7,FALSE),"") | NN6: =IFERROR(VLOOKUP($A6,'1904'!$A$3:$H$140,8,FALSE),"") | NO6: =IFERROR(VLOOKUP($A6,'1904'!$A$3:$I$140,9,FALSE),"") | NP6: =IFERROR(VLOOKUP($A6,'1904'!$A$3:$J$140,10,FALSE),"") | NQ6: =IFERROR(VLOOKUP($A6,'1905'!$A$3:$B$140,2,FALSE),"") | NR6: =IFERROR(VLOOKUP($A6,'1905'!$A$3:$C$140,3,FALSE),"") | NS6: =IFERROR(VLOOKUP($A6,'1905'!$A$3:$D$140,4,FALSE),"") | NT6: =IFERROR(VLOOKUP($A6,'1905'!$A$3:$E$140,5,FALSE),"") | NU6: =IFERROR(VLOOKUP($A6,'1905'!$A$3:$F$140,6,FALSE),"") | NV6: =IFERROR(VLOOKUP($A6,'1905'!$A$3:$G$140,7,FALSE),"") | NW6: =IFERROR(VLOOKUP($A6,'1905'!$A$3:$H$140,8,FALSE),"") | NX6: =IFERROR(VLOOKUP($A6,'1905'!$A$3:$I$140,9,FALSE),"") | NY6: =IFERROR(VLOOKUP($A6,'1905'!$A$3:$J$140,10,FALSE),"") | NZ6: =IFERROR(VLOOKUP($A6,'1906'!$A$3:$B$140,2,FALSE),"") | OA6: =IFERROR(VLOOKUP($A6,'1906'!$A$3:$C$140,3,FALSE),"") | OB6: =IFERROR(VLOOKUP($A6,'1906'!$A$3:$D$140,4,FALSE),"") | OC6: =IFERROR(VLOOKUP($A6,'1906'!$A$3:$E$140,5,FALSE),"") | OD6: =IFERROR(VLOOKUP($A6,'1906'!$A$3:$F$140,6,FALSE),"") | OE6: =IFERROR(VLOOKUP($A6,'1906'!$A$3:$G$140,7,FALSE),"") | OF6: =IFERROR(VLOOKUP($A6,'1906'!$A$3:$H$140,8,FALSE),"") | OG6: =IFERROR(VLOOKUP($A6,'1906'!$A$3:$I$140,9,FALSE),"") | OH6: =IFERROR(VLOOKUP($A6,'1906'!$A$3:$J$140,10,FALSE),"") | OI6: =IFERROR(VLOOKUP($A6,'1907'!$A$3:$B$140,2,FALSE),"") | OJ6: =IFERROR(VLOOKUP($A6,'1907'!$A$3:$C$140,3,FALSE),"") | OK6: =IFERROR(VLOOKUP($A6,'1907'!$A$3:$D$140,4,FALSE),"") | OL6: =IFERROR(VLOOKUP($A6,'1907'!$A$3:$E$140,5,FALSE),"") | OM6: =IFERROR(VLOOKUP($A6,'1907'!$A$3:$F$140,6,FALSE),"") | ON6: =IFERROR(VLOOKUP($A6,'1907'!$A$3:$G$140,7,FALSE),"") | OO6: =IFERROR(VLOOKUP($A6,'1907'!$A$3:$H$140,8,FALSE),"") | OP6: =IFERROR(VLOOKUP($A6,'1907'!$A$3:$I$140,9,FALSE),"") | OQ6: =IFERROR(VLOOKUP($A6,'1907'!$A$3:$J$140,10,FALSE),"") | OR6: =IFERROR(VLOOKUP($A6,'1908'!$A$3:$B$140,2,FALSE),"") -> 0 | OS6: =IFERROR(VLOOKUP($A6,'1908'!$A$3:$C$140,3,FALSE),"") -> 0 | OT6: =IFERROR(VLOOKUP($A6,'1908'!$A$3:$D$140,4,FALSE),"") -> 0 | OU6: =IFERROR(VLOOKUP($A6,'1908'!$A$3:$E$140,5,FALSE),"") -> 0 | OV6: =IFERROR(VLOOKUP($A6,'1908'!$A$3:$F$140,6,FALSE),"") -> 0 | OW6: =IFERROR(VLOOKUP($A6,'1908'!$A$3:$G$140,7,FALSE),"") -> 0 | OX6: =IFERROR(VLOOKUP($A6,'1908'!$A$3:$H$140,8,FALSE),"") -> 0 | OY6: =IFERROR(VLOOKUP($A6,'1908'!$A$3:$I$140,9,FALSE),"") -> 0 | OZ6: =IFERROR(VLOOKUP($A6,'1908'!$A$3:$J$140,10,FALSE),"") -> 0 | PA6: =IFERROR(VLOOKUP($A6,'1909'!$A$3:$B$140,2,FALSE),"") -> 0 | PB6: =IFERROR(VLOOKUP($A6,'1909'!$A$3:$C$140,3,FALSE),"") -> 0 | PC6: =IFERROR(VLOOKUP($A6,'1909'!$A$3:$D$140,4,FALSE),"") -> 0 | PD6: =IFERROR(VLOOKUP($A6,'1909'!$A$3:$E$140,5,FALSE),"") -> 0 | PE6: =IFERROR(VLOOKUP($A6,'1909'!$A$3:$F$140,6,FALSE),"") -> 0 | PF6: =IFERROR(VLOOKUP($A6,'1909'!$A$3:$G$140,7,FALSE),"") -> 0 | PG6: =IFERROR(VLOOKUP($A6,'1909'!$A$3:$H$140,8,FALSE),"") -> 0 | PH6: =IFERROR(VLOOKUP($A6,'1909'!$A$3:$I$140,9,FALSE),"") -> 0 | PI6: =IFERROR(VLOOKUP($A6,'1909'!$A$3:$J$140,10,FALSE),"") -> 0 | PJ6: =IFERROR(VLOOKUP($A6,'1910'!$A$3:$B$140,2,FALSE),"") -> 0 | PK6: =IFERROR(VLOOKUP($A6,'1910'!$A$3:$C$140,3,FALSE),"") -> 0 | PL6: =IFERROR(VLOOKUP($A6,'1910'!$A$3:$D$140,4,FALSE),"") -> 0 | PM6: =IFERROR(VLOOKUP($A6,'1910'!$A$3:$E$140,5,FALSE),"") -> 0 | PN6: =IFERROR(VLOOKUP($A6,'1910'!$A$3:$F$140,6,FALSE),"") -> 0 | PO6: =IFERROR(VLOOKUP($A6,'1910'!$A$3:$G$140,7,FALSE),"") -> 0 | PP6: =IFERROR(VLOOKUP($A6,'1910'!$A$3:$H$140,8,FALSE),"") -> 0 | PQ6: =IFERROR(VLOOKUP($A6,'1910'!$A$3:$I$140,9,FALSE),"") -> 0 | PR6: =IFERROR(VLOOKUP($A6,'1910'!$A$3:$J$140,10,FALSE),"") -> 0 | PS6: =IFERROR(VLOOKUP($A6,'1911'!$A$3:$B$140,2,FALSE),"") -> 0 | PT6: =IFERROR(VLOOKUP($A6,'1911'!$A$3:$C$140,3,FALSE),"") -> 0 | PU6: =IFERROR(VLOOKUP($A6,'1911'!$A$3:$D$140,4,FALSE),"") -> 0 | PV6: =IFERROR(VLOOKUP($A6,'1911'!$A$3:$E$140,5,FALSE),"") -> 0 | PW6: =IFERROR(VLOOKUP($A6,'1911'!$A$3:$F$140,6,FALSE),"") -> 0 | PX6: =IFERROR(VLOOKUP($A6,'1911'!$A$3:$G$140,7,FALSE),"") -> 0 | PY6: =IFERROR(VLOOKUP($A6,'1911'!$A$3:$H$140,8,FALSE),"") -> 0 | PZ6: =IFERROR(VLOOKUP($A6,'1911'!$A$3:$I$140,9,FALSE),"") -> 0 | QA6: =IFERROR(VLOOKUP($A6,'1911'!$A$3:$J$140,10,FALSE),"") -> 0 | QB6: =IFERROR(VLOOKUP($A6,'1912'!$A$3:$B$140,2,FALSE),"") -> 0 | QC6: =IFERROR(VLOOKUP($A6,'1912'!$A$3:$C$140,3,FALSE),"") -> 0 | QD6: =IFERROR(VLOOKUP($A6,'1912'!$A$3:$D$140,4,FALSE),"") -> 0 | QE6: =IFERROR(VLOOKUP($A6,'1912'!$A$3:$E$140,5,FALSE),"") -> 0 | QF6: =IFERROR(VLOOKUP($A6,'1912'!$A$3:$F$140,6,FALSE),"") -> 0 | QG6: =IFERROR(VLOOKUP($A6,'1912'!$A$3:$G$140,7,FALSE),"") -> 0 | QH6: =IFERROR(VLOOKUP($A6,'1912'!$A$3:$H$140,8,FALSE),"") -> 0 | QI6: =IFERROR(VLOOKUP($A6,'1912'!$A$3:$I$140,9,FALSE),"") -> 0 | QJ6: =IFERROR(VLOOKUP($A6,'1912'!$A$3:$J$140,10,FALSE),"") -> 0
A7: Juneau, AK | B7: Alaska | C7: =IFERROR(VLOOKUP($A7,'1863'!$A$3:$B$140,2,FALSE),"") | D7: =IFERROR(VLOOKUP($A7,'1863'!$A$3:$C$140,3,FALSE),"") | E7: =IFERROR(VLOOKUP($A7,'1863'!$A$3:$D$140,4,FALSE),"") | F7: =IFERROR(VLOOKUP($A7,'1863'!$A$3:$E$140,5,FALSE),"") | G7: =IFERROR(VLOOKUP($A7,'1863'!$A$3:$F$140,6,FALSE),"") | H7: =IFERROR(VLOOKUP($A7,'1863'!$A$3:$G$140,7,FALSE),"") | I7: =IFERROR(VLOOKUP($A7,'1863'!$A$3:$H$140,8,FALSE),"") | J7: =IFERROR(VLOOKUP($A7,'1863'!$A$3:$I$140,9,FALSE),"") | K7: =IFERROR(VLOOKUP($A7,'1863'!$A$3:$J$140,10,FALSE),"") | L7: =IFERROR(VLOOKUP($A7,'1864'!$A$3:$B$140,2,FALSE),"") | M7: =IFERROR(VLOOKUP($A7,'1864'!$A$3:$C$140,3,FALSE),"") | N7: =IFERROR(VLOOKUP($A7,'1864'!$A$3:$D$140,4,FALSE),"") | O7: =IFERROR(VLOOKUP($A7,'1864'!$A$3:$E$140,5,FALSE),"") | P7: =IFERROR(VLOOKUP($A7,'1864'!$A$3:$F$140,6,FALSE),"") | Q7: =IFERROR(VLOOKUP($A7,'1864'!$A$3:$G$140,7,FALSE),"") | R7: =IFERROR(VLOOKUP($A7,'1864'!$A$3:$H$140,8,FALSE),"") | S7: =IFERROR(VLOOKUP($A7,'1864'!$A$3:$I$140,9,FALSE),"") | T7: =IFERROR(VLOOKUP($A7,'1864'!$A$3:$J$140,10,FALSE),"") | U7: =IFERROR(VLOOKUP($A7,'1865'!$A$3:$B$140,2,FALSE),"") | V7: =IFERROR(VLOOKUP($A7,'1865'!$A$3:$C$140,3,FALSE),"") | W7: =IFERROR(VLOOKUP($A7,'1865'!$A$3:$D$140,4,FALSE),"") | X7: =IFERROR(VLOOKUP($A7,'1865'!$A$3:$E$140,5,FALSE),"") | Y7: =IFERROR(VLOOKUP($A7,'1865'!$A$3:$F$140,6,FALSE),"") | Z7: =IFERROR(VLOOKUP($A7,'1865'!$A$3:$G$140,7,FALSE),"") | AA7: =IFERROR(VLOOKUP($A7,'1865'!$A$3:$H$140,8,FALSE),"") | AB7: =IFERROR(VLOOKUP($A7,'1865'!$A$3:$I$140,9,FALSE),"") | AC7: =IFERROR(VLOOKUP($A7,'1865'!$A$3:$J$140,10,FALSE),"") | AD7: =IFERROR(VLOOKUP($A7,'1866'!$A$3:$B$140,2,FALSE),"") | AE7: =IFERROR(VLOOKUP($A7,'1866'!$A$3:$C$140,3,FALSE),"") | AF7: =IFERROR(VLOOKUP($A7,'1866'!$A$3:$D$140,4,FALSE),"") | AG7: =IFERROR(VLOOKUP($A7,'1866'!$A$3:$E$140,5,FALSE),"") | AH7: =IFERROR(VLOOKUP($A7,'1866'!$A$3:$F$140,6,FALSE),"") | AI7: =IFERROR(VLOOKUP($A7,'1866'!$A$3:$G$140,7,FALSE),"") | AJ7: =IFERROR(VLOOKUP($A7,'1866'!$A$3:$H$140,8,FALSE),"") | AK7: =IFERROR(VLOOKUP($A7,'1866'!$A$3:$I$140,9,FALSE),"") | AL7: =IFERROR(VLOOKUP($A7,'1866'!$A$3:$J$140,10,FALSE),"") | AM7: =IFERROR(VLOOKUP($A7,'1867'!$A$3:$B$140,2,FALSE),"") | AN7: =IFERROR(VLOOKUP($A7,'1867'!$A$3:$C$140,3,FALSE),"") | AO7: =IFERROR(VLOOKUP($A7,'1867'!$A$3:$D$140,4,FALSE),"") | AP7: =IFERROR(VLOOKUP($A7,'1867'!$A$3:$E$140,5,FALSE),"") | AQ7: =IFERROR(VLOOKUP($A7,'1867'!$A$3:$F$140,6,FALSE),"") | AR7: =IFERROR(VLOOKUP($A7,'1867'!$A$3:$G$140,7,FALSE),"") | AS7: =IFERROR(VLOOKUP($A7,'1867'!$A$3:$H$140,8,FALSE),"") | AT7: =IFERROR(VLOOKUP($A7,'1867'!$A$3:$I$140,9,FALSE),"") | AU7: =IFERROR(VLOOKUP($A7,'1867'!$A$3:$J$140,10,FALSE),"") | AV7: =IFERROR(VLOOKUP($A7,'1868'!$A$3:$B$140,2,FALSE),"") | AW7: =IFERROR(VLOOKUP($A7,'1868'!$A$3:$C$140,3,FALSE),"") | AX7: =IFERROR(VLOOKUP($A7,'1868'!$A$3:$D$140,4,FALSE),"") | AY7: =IFERROR(VLOOKUP($A7,'1868'!$A$3:$E$140,5,FALSE),"") | AZ7: =IFERROR(VLOOKUP($A7,'1868'!$A$3:$F$140,6,FALSE),"") | BA7: =IFERROR(VLOOKUP($A7,'1868'!$A$3:$G$140,7,FALSE),"") | BB7: =IFERROR(VLOOKUP($A7,'1868'!$A$3:$H$140,8,FALSE),"") | BC7: =IFERROR(VLOOKUP($A7,'1868'!$A$3:$I$140,9,FALSE),"") | BD7: =IFERROR(VLOOKUP($A7,'1868'!$A$3:$J$140,10,FALSE),"") | BE7: =IFERROR(VLOOKUP($A7,'1869'!$A$3:$B$140,2,FALSE),"") | BF7: =IFERROR(VLOOKUP($A7,'1869'!$A$3:$C$140,3,FALSE),"") | BG7: =IFERROR(VLOOKUP($A7,'1869'!$A$3:$D$140,4,FALSE),"") | BH7: =IFERROR(VLOOKUP($A7,'1869'!$A$3:$E$140,5,FALSE),"") | BI7: =IFERROR(VLOOKUP($A7,'1869'!$A$3:$F$140,6,FALSE),"") | BJ7: =IFERROR(VLOOKUP($A7,'1869'!$A$3:$G$140,7,FALSE),"") | BK7: =IFERROR(VLOOKUP($A7,'1869'!$A$3:$H$140,8,FALSE),"") | BL7: =IFERROR(VLOOKUP($A7,'1869'!$A$3:$I$140,9,FALSE),"") | BM7: =IFERROR(VLOOKUP($A7,'1869'!$A$3:$J$140,10,FALSE),"") | BN7: =IFERROR(VLOOKUP($A7,'1870'!$A$3:$B$140,2,FALSE),"") | BO7: =IFERROR(VLOOKUP($A7,'1870'!$A$3:$C$140,3,FALSE),"") | BP7: =IFERROR(VLOOKUP($A7,'1870'!$A$3:$D$140,4,FALSE),"") | BQ7: =IFERROR(VLOOKUP($A7,'1870'!$A$3:$E$140,5,FALSE),"") | BR7: =IFERROR(VLOOKUP($A7,'1870'!$A$3:$F$140,6,FALSE),"") | BS7: =IFERROR(VLOOKUP($A7,'1870'!$A$3:$G$140,7,FALSE),"") | BT7: =IFERROR(VLOOKUP($A7,'1870'!$A$3:$H$140,8,FALSE),"") | BU7: =IFERROR(VLOOKUP($A7,'1870'!$A$3:$I$140,9,FALSE),"") | BV7: =IFERROR(VLOOKUP($A7,'1870'!$A$3:$J$140,10,FALSE),"") | BW7: =IFERROR(VLOOKUP($A7,'1871'!$A$3:$B$140,2,FALSE),"") | BX7: =IFERROR(VLOOKUP($A7,'1871'!$A$3:$C$140,3,FALSE),"") | BY7: =IFERROR(VLOOKUP($A7,'1871'!$A$3:$D$140,4,FALSE),"") | BZ7: =IFERROR(VLOOKUP($A7,'1871'!$A$3:$E$140,5,FALSE),"") | CA7: =IFERROR(VLOOKUP($A7,'1871'!$A$3:$F$140,6,FALSE),"") | CB7: =IFERROR(VLOOKUP($A7,'1871'!$A$3:$G$140,7,FALSE),"") | CC7: =IFERROR(VLOOKUP($A7,'1871'!$A$3:$H$140,8,FALSE),"") | CD7: =IFERROR(VLOOKUP($A7,'1871'!$A$3:$I$140,9,FALSE),"") | CE7: =IFERROR(VLOOKUP($A7,'1871'!$A$3:$J$140,10,FALSE),"") | CF7: =IFERROR(VLOOKUP($A7,'1872'!$A$3:$B$140,2,FALSE),"") | CG7: =IFERROR(VLOOKUP($A7,'1872'!$A$3:$C$140,3,FALSE),"") | CH7: =IFERROR(VLOOKUP($A7,'1872'!$A$3:$D$140,4,FALSE),"") | CI7: =IFERROR(VLOOKUP($A7,'1872'!$A$3:$E$140,5,FALSE),"") | CJ7: =IFERROR(VLOOKUP($A7,'1872'!$A$3:$F$140,6,FALSE),"") | CK7: =IFERROR(VLOOKUP($A7,'1872'!$A$3:$G$140,7,FALSE),"") | CL7: =IFERROR(VLOOKUP($A7,'1872'!$A$3:$H$140,8,FALSE),"") | CM7: =IFERROR(VLOOKUP($A7,'1872'!$A$3:$I$140,9,FALSE),"") | CN7: =IFERROR(VLOOKUP($A7,'1872'!$A$3:$J$140,10,FALSE),"") | CO7: =IFERROR(VLOOKUP($A7,'1873'!$A$3:$B$140,2,FALSE),"") | CP7: =IFERROR(VLOOKUP($A7,'1873'!$A$3:$C$140,3,FALSE),"") | CQ7: =IFERROR(VLOOKUP($A7,'1873'!$A$3:$D$140,4,FALSE),"") | CR7: =IFERROR(VLOOKUP($A7,'1873'!$A$3:$E$140,5,FALSE),"") | CS7: =IFERROR(VLOOKUP($A7,'1873'!$A$3:$F$140,6,FALSE),"") | CT7: =IFERROR(VLOOKUP($A7,'1873'!$A$3:$G$140,7,FALSE),"") | CU7: =IFERROR(VLOOKUP($A7,'1873'!$A$3:$H$140,8,FALSE),"") | CV7: =IFERROR(VLOOKUP($A7,'1873'!$A$3:$I$140,9,FALSE),"") | CW7: =IFERROR(VLOOKUP($A7,'1873'!$A$3:$J$140,10,FALSE),"") | CX7: =IFERROR(VLOOKUP($A7,'1874'!$A$3:$B$140,2,FALSE),"") | CY7: =IFERROR(VLOOKUP($A7,'1874'!$A$3:$C$140,3,FALSE),"") | CZ7: =IFERROR(VLOOKUP($A7,'1874'!$A$3:$D$140,4,FALSE),"") | DA7: =IFERROR(VLOOKUP($A7,'1874'!$A$3:$E$140,5,FALSE),"") | DB7: =IFERROR(VLOOKUP($A7,'1874'!$A$3:$F$140,6,FALSE),"") | DC7: =IFERROR(VLOOKUP($A7,'1874'!$A$3:$G$140,7,FALSE),"") | DD7: =IFERROR(VLOOKUP($A7,'1874'!$A$3:$H$140,8,FALSE),"") | DE7: =IFERROR(VLOOKUP($A7,'1874'!$A$3:$I$140,9,FALSE),"") | DF7: =IFERROR(VLOOKUP($A7,'1874'!$A$3:$J$140,10,FALSE),"") | DG7: =IFERROR(VLOOKUP($A7,'1875'!$A$3:$B$140,2,FALSE),"") | DH7: =IFERROR(VLOOKUP($A7,'1875'!$A$3:$C$140,3,FALSE),"") | DI7: =IFERROR(VLOOKUP($A7,'1875'!$A$3:$D$140,4,FALSE),"") | DJ7: =IFERROR(VLOOKUP($A7,'1875'!$A$3:$E$140,5,FALSE),"") | DK7: =IFERROR(VLOOKUP($A7,'1875'!$A$3:$F$140,6,FALSE),"") | DL7: =IFERROR(VLOOKUP($A7,'1875'!$A$3:$G$140,7,FALSE),"") | DM7: =IFERROR(VLOOKUP($A7,'1875'!$A$3:$H$140,8,FALSE),"") | DN7: =IFERROR(VLOOKUP($A7,'1875'!$A$3:$I$140,9,FALSE),"") | DO7: =IFERROR(VLOOKUP($A7,'1875'!$A$3:$J$140,10,FALSE),"") | DP7: =IFERROR(VLOOKUP($A7,'1876'!$A$3:$B$140,2,FALSE),"") | DQ7: =IFERROR(VLOOKUP($A7,'1876'!$A$3:$C$140,3,FALSE),"") | DR7: =IFERROR(VLOOKUP($A7,'1876'!$A$3:$D$140,4,FALSE),"") | DS7: =IFERROR(VLOOKUP($A7,'1876'!$A$3:$E$140,5,FALSE),"") | DT7: =IFERROR(VLOOKUP($A7,'1876'!$A$3:$F$140,6,FALSE),"") | DU7: =IFERROR(VLOOKUP($A7,'1876'!$A$3:$G$140,7,FALSE),"") | DV7: =IFERROR(VLOOKUP($A7,'1876'!$A$3:$H$140,8,FALSE),"") | DW7: =IFERROR(VLOOKUP($A7,'1876'!$A$3:$I$140,9,FALSE),"") | DX7: =IFERROR(VLOOKUP($A7,'1876'!$A$3:$J$140,10,FALSE),"") | DY7: =IFERROR(VLOOKUP($A7,'1877'!$A$3:$B$140,2,FALSE),"") | DZ7: =IFERROR(VLOOKUP($A7,'1877'!$A$3:$C$140,3,FALSE),"") | EA7: =IFERROR(VLOOKUP($A7,'1877'!$A$3:$D$140,4,FALSE),"") | EB7: =IFERROR(VLOOKUP($A7,'1877'!$A$3:$E$140,5,FALSE),"") | EC7: =IFERROR(VLOOKUP($A7,'1877'!$A$3:$F$140,6,FALSE),"") | ED7: =IFERROR(VLOOKUP($A7,'1877'!$A$3:$G$140,7,FALSE),"") | EE7: =IFERROR(VLOOKUP($A7,'1877'!$A$3:$H$140,8,FALSE),"") | EF7: =IFERROR(VLOOKUP($A7,'1877'!$A$3:$I$140,9,FALSE),"") | EG7: =IFERROR(VLOOKUP($A7,'1877'!$A$3:$J$140,10,FALSE),"") | EH7: =IFERROR(VLOOKUP($A7,'1878'!$A$3:$B$140,2,FALSE),"") | EI7: =IFERROR(VLOOKUP($A7,'1878'!$A$3:$C$140,3,FALSE),"") | EJ7: =IFERROR(VLOOKUP($A7,'1878'!$A$3:$D$140,4,FALSE),"") | EK7: =IFERROR(VLOOKUP($A7,'1878'!$A$3:$E$140,5,FALSE),"") | EL7: =IFERROR(VLOOKUP($A7,'1878'!$A$3:$F$140,6,FALSE),"") | EM7: =IFERROR(VLOOKUP($A7,'1878'!$A$3:$G$140,7,FALSE),"") | EN7: =IFERROR(VLOOKUP($A7,'1878'!$A$3:$H$140,8,FALSE),"") | EO7: =IFERROR(VLOOKUP($A7,'1878'!$A$3:$I$140,9,FALSE),"") | EP7: =IFERROR(VLOOKUP($A7,'1878'!$A$3:$J$140,10,FALSE),"") | EQ7: =IFERROR(VLOOKUP($A7,'1879'!$A$3:$B$140,2,FALSE),"") | ER7: =IFERROR(VLOOKUP($A7,'1879'!$A$3:$C$140,3,FALSE),"") | ES7: =IFERROR(VLOOKUP($A7,'1879'!$A$3:$D$140,4,FALSE),"") | ET7: =IFERROR(VLOOKUP($A7,'1879'!$A$3:$E$140,5,FALSE),"") | EU7: =IFERROR(VLOOKUP($A7,'1879'!$A$3:$F$140,6,FALSE),"") | EV7: =IFERROR(VLOOKUP($A7,'1879'!$A$3:$G$140,7,FALSE),"") | EW7: =IFERROR(VLOOKUP($A7,'1879'!$A$3:$H$140,8,FALSE),"") | EX7: =IFERROR(VLOOKUP($A7,'1879'!$A$3:$I$140,9,FALSE),"") | EY7: =IFERROR(VLOOKUP($A7,'1879'!$A$3:$J$140,10,FALSE),"") | EZ7: =IFERROR(VLOOKUP($A7,'1880'!$A$3:$B$140,2,FALSE),"") | FA7: =IFERROR(VLOOKUP($A7,'1880'!$A$3:$C$140,3,FALSE),"") | FB7: =IFERROR(VLOOKUP($A7,'1880'!$A$3:$D$140,4,FALSE),"") | FC7: =IFERROR(VLOOKUP($A7,'1880'!$A$3:$E$140,5,FALSE),"") | FD7: =IFERROR(VLOOKUP($A7,'1880'!$A$3:$F$140,6,FALSE),"") | FE7: =IFERROR(VLOOKUP($A7,'1880'!$A$3:$G$140,7,FALSE),"") | FF7: =IFERROR(VLOOKUP($A7,'1880'!$A$3:$H$140,8,FALSE),"") | FG7: =IFERROR(VLOOKUP($A7,'1880'!$A$3:$I$140,9,FALSE),"") | FH7: =IFERROR(VLOOKUP($A7,'1880'!$A$3:$J$140,10,FALSE),"") | FI7: =IFERROR(VLOOKUP($A7,'1881'!$A$3:$B$140,2,FALSE),"") | FJ7: =IFERROR(VLOOKUP($A7,'1881'!$A$3:$C$140,3,FALSE),"") | FK7: =IFERROR(VLOOKUP($A7,'1881'!$A$3:$D$140,4,FALSE),"") | FL7: =IFERROR(VLOOKUP($A7,'1881'!$A$3:$E$140,5,FALSE),"") | FM7: =IFERROR(VLOOKUP($A7,'1881'!$A$3:$F$140,6,FALSE),"") | FN7: =IFERROR(VLOOKUP($A7,'1881'!$A$3:$G$140,7,FALSE),"") | FO7: =IFERROR(VLOOKUP($A7,'1881'!$A$3:$H$140,8,FALSE),"") | FP7: =IFERROR(VLOOKUP($A7,'1881'!$A$3:$I$140,9,FALSE),"") | FQ7: =IFERROR(VLOOKUP($A7,'1881'!$A$3:$J$140,10,FALSE),"") | FR7: =IFERROR(VLOOKUP($A7,'1882'!$A$3:$B$140,2,FALSE),"") | FS7: =IFERROR(VLOOKUP($A7,'1882'!$A$3:$C$140,3,FALSE),"") | FT7: =IFERROR(VLOOKUP($A7,'1882'!$A$3:$D$140,4,FALSE),"") | FU7: =IFERROR(VLOOKUP($A7,'1882'!$A$3:$E$140,5,FALSE),"") | FV7: =IFERROR(VLOOKUP($A7,'1882'!$A$3:$F$140,6,FALSE),"") | FW7: =IFERROR(VLOOKUP($A7,'1882'!$A$3:$G$140,7,FALSE),"") | FX7: =IFERROR(VLOOKUP($A7,'1882'!$A$3:$H$140,8,FALSE),"") | FY7: =IFERROR(VLOOKUP($A7,'1882'!$A$3:$I$140,9,FALSE),"") | FZ7: =IFERROR(VLOOKUP($A7,'1882'!$A$3:$J$140,10,FALSE),"") | GA7: =IFERROR(VLOOKUP($A7,'1883'!$A$3:$B$140,2,FALSE),"") | GB7: =IFERROR(VLOOKUP($A7,'1883'!$A$3:$C$140,3,FALSE),"") | GC7: =IFERROR(VLOOKUP($A7,'1883'!$A$3:$D$140,4,FALSE),"") | GD7: =IFERROR(VLOOKUP($A7,'1883'!$A$3:$E$140,5,FALSE),"") | GE7: =IFERROR(VLOOKUP($A7,'1883'!$A$3:$F$140,6,FALSE),"") | GF7: =IFERROR(VLOOKUP($A7,'1883'!$A$3:$G$140,7,FALSE),"") | GG7: =IFERROR(VLOOKUP($A7,'1883'!$A$3:$H$140,8,FALSE),"") | GH7: =IFERROR(VLOOKUP($A7,'1883'!$A$3:$I$140,9,FALSE),"") | GI7: =IFERROR(VLOOKUP($A7,'1883'!$A$3:$J$140,10,FALSE),"") | GJ7: =IFERROR(VLOOKUP($A7,'1884'!$A$3:$B$140,2,FALSE),"") | GK7: =IFERROR(VLOOKUP($A7,'1884'!$A$3:$C$140,3,FALSE),"") | GL7: =IFERROR(VLOOKUP($A7,'1884'!$A$3:$D$140,4,FALSE),"") | GM7: =IFERROR(VLOOKUP($A7,'1884'!$A$3:$E$140,5,FALSE),"") | GN7: =IFERROR(VLOOKUP($A7,'1884'!$A$3:$F$140,6,FALSE),"") | GO7: =IFERROR(VLOOKUP($A7,'1884'!$A$3:$G$140,7,FALSE),"") | GP7: =IFERROR(VLOOKUP($A7,'1884'!$A$3:$H$140,8,FALSE),"") | GQ7: =IFERROR(VLOOKUP($A7,'1884'!$A$3:$I$140,9,FALSE),"") | GR7: =IFERROR(VLOOKUP($A7,'1884'!$A$3:$J$140,10,FALSE),"") | GS7: =IFERROR(VLOOKUP($A7,'1885'!$A$3:$B$140,2,FALSE),"") | GT7: =IFERROR(VLOOKUP($A7,'1885'!$A$3:$C$140,3,FALSE),"") | GU7: =IFERROR(VLOOKUP($A7,'1885'!$A$3:$D$140,4,FALSE),"") | GV7: =IFERROR(VLOOKUP($A7,'1885'!$A$3:$E$140,5,FALSE),"") | GW7: =IFERROR(VLOOKUP($A7,'1885'!$A$3:$F$140,6,FALSE),"") | GX7: =IFERROR(VLOOKUP($A7,'1885'!$A$3:$G$140,7,FALSE),"") | GY7: =IFERROR(VLOOKUP($A7,'1885'!$A$3:$H$140,8,FALSE),"") | GZ7: =IFERROR(VLOOKUP($A7,'1885'!$A$3:$I$140,9,FALSE),"") | HA7: =IFERROR(VLOOKUP($A7,'1885'!$A$3:$J$140,10,FALSE),"") | HB7: =IFERROR(VLOOKUP($A7,'1886'!$A$3:$B$140,2,FALSE),"") | HC7: =IFERROR(VLOOKUP($A7,'1886'!$A$3:$C$140,3,FALSE),"") | HD7: =IFERROR(VLOOKUP($A7,'1886'!$A$3:$D$140,4,FALSE),"") | HE7: =IFERROR(VLOOKUP($A7,'1886'!$A$3:$E$140,5,FALSE),"") | HF7: =IFERROR(VLOOKUP($A7,'1886'!$A$3:$F$140,6,FALSE),"") | HG7: =IFERROR(VLOOKUP($A7,'1886'!$A$3:$G$140,7,FALSE),"") | HH7: =IFERROR(VLOOKUP($A7,'1886'!$A$3:$H$140,8,FALSE),"") | HI7: =IFERROR(VLOOKUP($A7,'1886'!$A$3:$I$140,9,FALSE),"") | HJ7: =IFERROR(VLOOKUP($A7,'1886'!$A$3:$J$140,10,FALSE),"") | HK7: =IFERROR(VLOOKUP($A7,'1887'!$A$3:$B$140,2,FALSE),"") | HL7: =IFERROR(VLOOKUP($A7,'1887'!$A$3:$C$140,3,FALSE),"") | HM7: =IFERROR(VLOOKUP($A7,'1887'!$A$3:$D$140,4,FALSE),"") | HN7: =IFERROR(VLOOKUP($A7,'1887'!$A$3:$E$140,5,FALSE),"") | HO7: =IFERROR(VLOOKUP($A7,'1887'!$A$3:$F$140,6,FALSE),"") | HP7: =IFERROR(VLOOKUP($A7,'1887'!$A$3:$G$140,7,FALSE),"") | HQ7: =IFERROR(VLOOKUP($A7,'1887'!$A$3:$H$140,8,FALSE),"") | HR7: =IFERROR(VLOOKUP($A7,'1887'!$A$3:$I$140,9,FALSE),"") | HS7: =IFERROR(VLOOKUP($A7,'1887'!$A$3:$J$140,10,FALSE),"") | HT7: =IFERROR(VLOOKUP($A7,'1888'!$A$3:$B$140,2,FALSE),"") | HU7: =IFERROR(VLOOKUP($A7,'1888'!$A$3:$C$140,3,FALSE),"") | HV7: =IFERROR(VLOOKUP($A7,'1888'!$A$3:$D$140,4,FALSE),"") | HW7: =IFERROR(VLOOKUP($A7,'1888'!$A$3:$E$140,5,FALSE),"") | HX7: =IFERROR(VLOOKUP($A7,'1888'!$A$3:$F$140,6,FALSE),"") | HY7: =IFERROR(VLOOKUP($A7,'1888'!$A$3:$G$140,7,FALSE),"") | HZ7: =IFERROR(VLOOKUP($A7,'1888'!$A$3:$H$140,8,FALSE),"") | IA7: =IFERROR(VLOOKUP($A7,'1888'!$A$3:$I$140,9,FALSE),"") | IB7: =IFERROR(VLOOKUP($A7,'1888'!$A$3:$J$140,10,FALSE),"") | IC7: =IFERROR(VLOOKUP($A7,'1889'!$A$3:$B$140,2,FALSE),"") | ID7: =IFERROR(VLOOKUP($A7,'1889'!$A$3:$C$140,3,FALSE),"") | IE7: =IFERROR(VLOOKUP($A7,'1889'!$A$3:$D$140,4,FALSE),"") | IF7: =IFERROR(VLOOKUP($A7,'1889'!$A$3:$E$140,5,FALSE),"") | IG7: =IFERROR(VLOOKUP($A7,'1889'!$A$3:$F$140,6,FALSE),"") | IH7: =IFERROR(VLOOKUP($A7,'1889'!$A$3:$G$140,7,FALSE),"") | II7: =IFERROR(VLOOKUP($A7,'1889'!$A$3:$H$140,8,FALSE),"") | IJ7: =IFERROR(VLOOKUP($A7,'1889'!$A$3:$I$140,9,FALSE),"") | IK7: =IFERROR(VLOOKUP($A7,'1889'!$A$3:$J$140,10,FALSE),"") | IL7: =IFERROR(VLOOKUP($A7,'1890'!$A$3:$B$140,2,FALSE),"") | IM7: =IFERROR(VLOOKUP($A7,'1890'!$A$3:$C$140,3,FALSE),"") | IN7: =IFERROR(VLOOKUP($A7,'1890'!$A$3:$D$140,4,FALSE),"") | IO7: =IFERROR(VLOOKUP($A7,'1890'!$A$3:$E$140,5,FALSE),"") | IP7: =IFERROR(VLOOKUP($A7,'1890'!$A$3:$F$140,6,FALSE),"") | IQ7: =IFERROR(VLOOKUP($A7,'1890'!$A$3:$G$140,7,FALSE),"") | IR7: =IFERROR(VLOOKUP($A7,'1890'!$A$3:$H$140,8,FALSE),"") | IS7: =IFERROR(VLOOKUP($A7,'1890'!$A$3:$I$140,9,FALSE),"") | IT7: =IFERROR(VLOOKUP($A7,'1890'!$A$3:$J$140,10,FALSE),"") | IU7: =IFERROR(VLOOKUP($A7,'1891'!$A$3:$B$140,2,FALSE),"") | IV7: =IFERROR(VLOOKUP($A7,'1891'!$A$3:$C$140,3,FALSE),"") | IW7: =IFERROR(VLOOKUP($A7,'1891'!$A$3:$D$140,4,FALSE),"") | IX7: =IFERROR(VLOOKUP($A7,'1891'!$A$3:$E$140,5,FALSE),"") | IY7: =IFERROR(VLOOKUP($A7,'1891'!$A$3:$F$140,6,FALSE),"") | IZ7: =IFERROR(VLOOKUP($A7,'1891'!$A$3:$G$140,7,FALSE),"") | JA7: =IFERROR(VLOOKUP($A7,'1891'!$A$3:$H$140,8,FALSE),"") | JB7: =IFERROR(VLOOKUP($A7,'1891'!$A$3:$I$140,9,FALSE),"") | JC7: =IFERROR(VLOOKUP($A7,'1891'!$A$3:$J$140,10,FALSE),"") | JD7: =IFERROR(VLOOKUP($A7,'1892'!$A$3:$B$140,2,FALSE),"") | JE7: =IFERROR(VLOOKUP($A7,'1892'!$A$3:$C$140,3,FALSE),"") | JF7: =IFERROR(VLOOKUP($A7,'1892'!$A$3:$D$140,4,FALSE),"") | JG7: =IFERROR(VLOOKUP($A7,'1892'!$A$3:$E$140,5,FALSE),"") | JH7: =IFERROR(VLOOKUP($A7,'1892'!$A$3:$F$140,6,FALSE),"") | JI7: =IFERROR(VLOOKUP($A7,'1892'!$A$3:$G$140,7,FALSE),"") | JJ7: =IFERROR(VLOOKUP($A7,'1892'!$A$3:$H$140,8,FALSE),"") | JK7: =IFERROR(VLOOKUP($A7,'1892'!$A$3:$I$140,9,FALSE),"") | JL7: =IFERROR(VLOOKUP($A7,'1892'!$A$3:$J$140,10,FALSE),"") | JM7: =IFERROR(VLOOKUP($A7,'1893'!$A$3:$B$140,2,FALSE),"") | JN7: =IFERROR(VLOOKUP($A7,'1893'!$A$3:$C$140,3,FALSE),"") | JO7: =IFERROR(VLOOKUP($A7,'1893'!$A$3:$D$140,4,FALSE),"") | JP7: =IFERROR(VLOOKUP($A7,'1893'!$A$3:$E$140,5,FALSE),"") | JQ7: =IFERROR(VLOOKUP($A7,'1893'!$A$3:$F$140,6,FALSE),"") | JR7: =IFERROR(VLOOKUP($A7,'1893'!$A$3:$G$140,7,FALSE),"") | JS7: =IFERROR(VLOOKUP($A7,'1893'!$A$3:$H$140,8,FALSE),"") | JT7: =IFERROR(VLOOKUP($A7,'1893'!$A$3:$I$140,9,FALSE),"") | JU7: =IFERROR(VLOOKUP($A7,'1893'!$A$3:$J$140,10,FALSE),"") | JV7: =IFERROR(VLOOKUP($A7,'1894'!$A$3:$B$140,2,FALSE),"") | JW7: =IFERROR(VLOOKUP($A7,'1894'!$A$3:$C$140,3,FALSE),"") | JX7: =IFERROR(VLOOKUP($A7,'1894'!$A$3:$D$140,4,FALSE),"") | JY7: =IFERROR(VLOOKUP($A7,'1894'!$A$3:$E$140,5,FALSE),"") | JZ7: =IFERROR(VLOOKUP($A7,'1894'!$A$3:$F$140,6,FALSE),"") | KA7: =IFERROR(VLOOKUP($A7,'1894'!$A$3:$G$140,7,FALSE),"") | KB7: =IFERROR(VLOOKUP($A7,'1894'!$A$3:$H$140,8,FALSE),"") | KC7: =IFERROR(VLOOKUP($A7,'1894'!$A$3:$I$140,9,FALSE),"") | KD7: =IFERROR(VLOOKUP($A7,'1894'!$A$3:$J$140,10,FALSE),"") | KE7: =IFERROR(VLOOKUP($A7,'1895'!$A$3:$B$140,2,FALSE),"") | KF7: =IFERROR(VLOOKUP($A7,'1895'!$A$3:$C$140,3,FALSE),"") | KG7: =IFERROR(VLOOKUP($A7,'1895'!$A$3:$D$140,4,FALSE),"") | KH7: =IFERROR(VLOOKUP($A7,'1895'!$A$3:$E$140,5,FALSE),"") | KI7: =IFERROR(VLOOKUP($A7,'1895'!$A$3:$F$140,6,FALSE),"") | KJ7: =IFERROR(VLOOKUP($A7,'1895'!$A$3:$G$140,7,FALSE),"") | KK7: =IFERROR(VLOOKUP($A7,'1895'!$A$3:$H$140,8,FALSE),"") | KL7: =IFERROR(VLOOKUP($A7,'1895'!$A$3:$I$140,9,FALSE),"") | KM7: =IFERROR(VLOOKUP($A7,'1895'!$A$3:$J$140,10,FALSE),"") | KN7: =IFERROR(VLOOKUP($A7,'1896'!$A$3:$B$140,2,FALSE),"") | KO7: =IFERROR(VLOOKUP($A7,'1896'!$A$3:$C$140,3,FALSE),"") | KP7: =IFERROR(VLOOKUP($A7,'1896'!$A$3:$D$140,4,FALSE),"") | KQ7: =IFERROR(VLOOKUP($A7,'1896'!$A$3:$E$140,5,FALSE),"") | KR7: =IFERROR(VLOOKUP($A7,'1896'!$A$3:$F$140,6,FALSE),"") | KS7: =IFERROR(VLOOKUP($A7,'1896'!$A$3:$G$140,7,FALSE),"") | KT7: =IFERROR(VLOOKUP($A7,'1896'!$A$3:$H$140,8,FALSE),"") | KU7: =IFERROR(VLOOKUP($A7,'1896'!$A$3:$I$140,9,FALSE),"") | KV7: =IFERROR(VLOOKUP($A7,'1896'!$A$3:$J$140,10,FALSE),"") | KW7: =IFERROR(VLOOKUP($A7,'1897'!$A$3:$B$140,2,FALSE),"") | KX7: =IFERROR(VLOOKUP($A7,'1897'!$A$3:$C$140,3,FALSE),"") | KY7: =IFERROR(VLOOKUP($A7,'1897'!$A$3:$D$140,4,FALSE),"") | KZ7: =IFERROR(VLOOKUP($A7,'1897'!$A$3:$E$140,5,FALSE),"") | LA7: =IFERROR(VLOOKUP($A7,'1897'!$A$3:$F$140,6,FALSE),"") | LB7: =IFERROR(VLOOKUP($A7,'1897'!$A$3:$G$140,7,FALSE),"") | LC7: =IFERROR(VLOOKUP($A7,'1897'!$A$3:$H$140,8,FALSE),"") | LD7: =IFERROR(VLOOKUP($A7,'1897'!$A$3:$I$140,9,FALSE),"") | LE7: =IFERROR(VLOOKUP($A7,'1897'!$A$3:$J$140,10,FALSE),"") | LF7: =IFERROR(VLOOKUP($A7,'1898'!$A$3:$B$140,2,FALSE),"") | LG7: =IFERROR(VLOOKUP($A7,'1898'!$A$3:$C$140,3,FALSE),"") | LH7: =IFERROR(VLOOKUP($A7,'1898'!$A$3:$D$140,4,FALSE),"") | LI7: =IFERROR(VLOOKUP($A7,'1898'!$A$3:$E$140,5,FALSE),"") | LJ7: =IFERROR(VLOOKUP($A7,'1898'!$A$3:$F$140,6,FALSE),"") | LK7: =IFERROR(VLOOKUP($A7,'1898'!$A$3:$G$140,7,FALSE),"") | LL7: =IFERROR(VLOOKUP($A7,'1898'!$A$3:$H$140,8,FALSE),"") | LM7: =IFERROR(VLOOKUP($A7,'1898'!$A$3:$I$140,9,FALSE),"") | LN7: =IFERROR(VLOOKUP($A7,'1898'!$A$3:$J$140,10,FALSE),"") | LO7: =IFERROR(VLOOKUP($A7,'1899'!$A$3:$B$140,2,FALSE),"") | LP7: =IFERROR(VLOOKUP($A7,'1899'!$A$3:$C$140,3,FALSE),"") | LQ7: =IFERROR(VLOOKUP($A7,'1899'!$A$3:$D$140,4,FALSE),"") | LR7: =IFERROR(VLOOKUP($A7,'1899'!$A$3:$E$140,5,FALSE),"") | LS7: =IFERROR(VLOOKUP($A7,'1899'!$A$3:$F$140,6,FALSE),"") | LT7: =IFERROR(VLOOKUP($A7,'1899'!$A$3:$G$140,7,FALSE),"") | LU7: =IFERROR(VLOOKUP($A7,'1899'!$A$3:$H$140,8,FALSE),"") | LV7: =IFERROR(VLOOKUP($A7,'1899'!$A$3:$I$140,9,FALSE),"") | LW7: =IFERROR(VLOOKUP($A7,'1899'!$A$3:$J$140,10,FALSE),"") | LX7: =IFERROR(VLOOKUP($A7,'1900'!$A$3:$B$140,2,FALSE),"") | LY7: =IFERROR(VLOOKUP($A7,'1900'!$A$3:$C$140,3,FALSE),"") | LZ7: =IFERROR(VLOOKUP($A7,'1900'!$A$3:$D$140,4,FALSE),"") | MA7: =IFERROR(VLOOKUP($A7,'1900'!$A$3:$E$140,5,FALSE),"") | MB7: =IFERROR(VLOOKUP($A7,'1900'!$A$3:$F$140,6,FALSE),"") | MC7: =IFERROR(VLOOKUP($A7,'1900'!$A$3:$G$140,7,FALSE),"") | MD7: =IFERROR(VLOOKUP($A7,'1900'!$A$3:$H$140,8,FALSE),"") | ME7: =IFERROR(VLOOKUP($A7,'1900'!$A$3:$I$140,9,FALSE),"") | MF7: =IFERROR(VLOOKUP($A7,'1900'!$A$3:$J$140,10,FALSE),"") | MG7: =IFERROR(VLOOKUP($A7,'1901'!$A$3:$B$140,2,FALSE),"") | MH7: =IFERROR(VLOOKUP($A7,'1901'!$A$3:$C$140,3,FALSE),"") | MI7: =IFERROR(VLOOKUP($A7,'1901'!$A$3:$D$140,4,FALSE),"") | MJ7: =IFERROR(VLOOKUP($A7,'1901'!$A$3:$E$140,5,FALSE),"") | MK7: =IFERROR(VLOOKUP($A7,'1901'!$A$3:$F$140,6,FALSE),"") | ML7: =IFERROR(VLOOKUP($A7,'1901'!$A$3:$G$140,7,FALSE),"") | MM7: =IFERROR(VLOOKUP($A7,'1901'!$A$3:$H$140,8,FALSE),"") | MN7: =IFERROR(VLOOKUP($A7,'1901'!$A$3:$I$140,9,FALSE),"") | MO7: =IFERROR(VLOOKUP($A7,'1901'!$A$3:$J$140,10,FALSE),"") | MP7: =IFERROR(VLOOKUP($A7,'1902'!$A$3:$B$140,2,FALSE),"") | MQ7: =IFERROR(VLOOKUP($A7,'1902'!$A$3:$C$140,3,FALSE),"") | MR7: =IFERROR(VLOOKUP($A7,'1902'!$A$3:$D$140,4,FALSE),"") | MS7: =IFERROR(VLOOKUP($A7,'1902'!$A$3:$E$140,5,FALSE),"") | MT7: =IFERROR(VLOOKUP($A7,'1902'!$A$3:$F$140,6,FALSE),"") | MU7: =IFERROR(VLOOKUP($A7,'1902'!$A$3:$G$140,7,FALSE),"") | MV7: =IFERROR(VLOOKUP($A7,'1902'!$A$3:$H$140,8,FALSE),"") | MW7: =IFERROR(VLOOKUP($A7,'1902'!$A$3:$I$140,9,FALSE),"") | MX7: =IFERROR(VLOOKUP($A7,'1902'!$A$3:$J$140,10,FALSE),"") | MY7: =IFERROR(VLOOKUP($A7,'1903'!$A$3:$B$140,2,FALSE),"") -> 30 | MZ7: =IFERROR(VLOOKUP($A7,'1903'!$A$3:$C$140,3,FALSE),"") -> 1202.84 | NA7: =IFERROR(VLOOKUP($A7,'1903'!$A$3:$D$140,4,FALSE),"") -> 30 | NB7: =IFERROR(VLOOKUP($A7,'1903'!$A$3:$E$140,5,FALSE),"") -> 1202.84 | NC7: =IFERROR(VLOOKUP($A7,'1903'!$A$3:$F$140,6,FALSE),"") -> 0 | ND7: =IFERROR(VLOOKUP($A7,'1903'!$A$3:$G$140,7,FALSE),"") -> 0 | NE7: =IFERROR(VLOOKUP($A7,'1903'!$A$3:$H$140,8,FALSE),"") -> 0 | NF7: =IFERROR(VLOOKUP($A7,'1903'!$A$3:$I$140,9,FALSE),"") -> 0 | NG7: =IFERROR(VLOOKUP($A7,'1903'!$A$3:$J$140,10,FALSE),"") -> 0 | NH7: =IFERROR(VLOOKUP($A7,'1904'!$A$3:$B$140,2,FALSE),"") -> 20 | NI7: =IFERROR(VLOOKUP($A7,'1904'!$A$3:$C$140,3,FALSE),"") -> 424.09 | NJ7: =IFERROR(VLOOKUP($A7,'1904'!$A$3:$D$140,4,FALSE),"") -> 20 | NK7: =IFERROR(VLOOKUP($A7,'1904'!$A$3:$E$140,5,FALSE),"") -> 424.09 | NL7: =IFERROR(VLOOKUP($A7,'1904'!$A$3:$F$140,6,FALSE),"") -> 0 | NM7: =IFERROR(VLOOKUP($A7,'1904'!$A$3:$G$140,7,FALSE),"") -> 0 | NN7: =IFERROR(VLOOKUP($A7,'1904'!$A$3:$H$140,8,FALSE),"") -> 0 | NO7: =IFERROR(VLOOKUP($A7,'1904'!$A$3:$I$140,9,FALSE),"") -> 0 | NP7: =IFERROR(VLOOKUP($A7,'1904'!$A$3:$J$140,10,FALSE),"") -> 0 | NQ7: =IFERROR(VLOOKUP($A7,'1905'!$A$3:$B$140,2,FALSE),"") -> 9 | NR7: =IFERROR(VLOOKUP($A7,'1905'!$A$3:$C$140,3,FALSE),"") -> 580.05 | NS7: =IFERROR(VLOOKUP($A7,'1905'!$A$3:$D$140,4,FALSE),"") -> 9 | NT7: =IFERROR(VLOOKUP($A7,'1905'!$A$3:$E$140,5,FALSE),"") -> 580.05 | NU7: =IFERROR(VLOOKUP($A7,'1905'!$A$3:$F$140,6,FALSE),"") -> 0 | NV7: =IFERROR(VLOOKUP($A7,'1905'!$A$3:$G$140,7,FALSE),"") -> 0 | NW7: =IFERROR(VLOOKUP($A7,'1905'!$A$3:$H$140,8,FALSE),"") -> 0 | NX7: =IFERROR(VLOOKUP($A7,'1905'!$A$3:$I$140,9,FALSE),"") -> 0 | NY7: =IFERROR(VLOOKUP($A7,'1905'!$A$3:$J$140,10,FALSE),"") -> 0 | NZ7: =IFERROR(VLOOKUP($A7,'1906'!$A$3:$B$140,2,FALSE),"") -> 3 | OA7: =IFERROR(VLOOKUP($A7,'1906'!$A$3:$C$140,3,FALSE),"") -> 14.02 | OB7: =IFERROR(VLOOKUP($A7,'1906'!$A$3:$D$140,4,FALSE),"") -> 3 | OC7: =IFERROR(VLOOKUP($A7,'1906'!$A$3:$E$140,5,FALSE),"") -> 14.02 | OD7: =IFERROR(VLOOKUP($A7,'1906'!$A$3:$F$140,6,FALSE),"") -> 0 | OE7: =IFERROR(VLOOKUP($A7,'1906'!$A$3:$G$140,7,FALSE),"") -> 0 | OF7: =IFERROR(VLOOKUP($A7,'1906'!$A$3:$H$140,8,FALSE),"") -> 0 | OG7: =IFERROR(VLOOKUP($A7,'1906'!$A$3:$I$140,9,FALSE),"") -> 0 | OH7: =IFERROR(VLOOKUP($A7,'1906'!$A$3:$J$140,10,FALSE),"") -> 0 | OI7: =IFERROR(VLOOKUP($A7,'1907'!$A$3:$B$140,2,FALSE),"") -> 15 | OJ7: =IFERROR(VLOOKUP($A7,'1907'!$A$3:$C$140,3,FALSE),"") -> 544.48 | OK7: =IFERROR(VLOOKUP($A7,'1907'!$A$3:$D$140,4,FALSE),"") -> 15 | OL7: =IFERROR(VLOOKUP($A7,'1907'!$A$3:$E$140,5,FALSE),"") -> 544.48 | OM7: =IFERROR(VLOOKUP($A7,'1907'!$A$3:$F$140,6,FALSE),"") -> 0 | ON7: =IFERROR(VLOOKUP($A7,'1907'!$A$3:$G$140,7,FALSE),"") -> 0 | OO7: =IFERROR(VLOOKUP($A7,'1907'!$A$3:$H$140,8,FALSE),"") -> 0 | OP7: =IFERROR(VLOOKUP($A7,'1907'!$A$3:$I$140,9,FALSE),"") -> 0 | OQ7: =IFERROR(VLOOKUP($A7,'1907'!$A$3:$J$140,10,FALSE),"") -> 0 | OR7: =IFERROR(VLOOKUP($A7,'1908'!$A$3:$B$140,2,FALSE),"") -> 13 | OS7: =IFERROR(VLOOKUP($A7,'1908'!$A$3:$C$140,3,FALSE),"") -> 665.76 | OT7: =IFERROR(VLOOKUP($A7,'1908'!$A$3:$D$140,4,FALSE),"") -> 13 | OU7: =IFERROR(VLOOKUP($A7,'1908'!$A$3:$E$140,5,FALSE),"") -> 665.76 | OV7: =IFERROR(VLOOKUP($A7,'1908'!$A$3:$F$140,6,FALSE),"") -> 0 | OW7: =IFERROR(VLOOKUP($A7,'1908'!$A$3:$G$140,7,FALSE),"") -> 0 | OX7: =IFERROR(VLOOKUP($A7,'1908'!$A$3:$H$140,8,FALSE),"") -> 0 | OY7: =IFERROR(VLOOKUP($A7,'1908'!$A$3:$I$140,9,FALSE),"") -> 0 | OZ7: =IFERROR(VLOOKUP($A7,'1908'!$A$3:$J$140,10,FALSE),"") -> 0 | PA7: =IFERROR(VLOOKUP($A7,'1909'!$A$3:$B$140,2,FALSE),"") -> 8 | PB7: =IFERROR(VLOOKUP($A7,'1909'!$A$3:$C$140,3,FALSE),"") -> 467.9 | PC7: =IFERROR(VLOOKUP($A7,'1909'!$A$3:$D$140,4,FALSE),"") -> 0 | PD7: =IFERROR(VLOOKUP($A7,'1909'!$A$3:$E$140,5,FALSE),"") -> 0 | PE7: =IFERROR(VLOOKUP($A7,'1909'!$A$3:$F$140,6,FALSE),"") -> 0 | PF7: =IFERROR(VLOOKUP($A7,'1909'!$A$3:$G$140,7,FALSE),"") -> 0 | PG7: =IFERROR(VLOOKUP($A7,'1909'!$A$3:$H$140,8,FALSE),"") -> 0 | PH7: =IFERROR(VLOOKUP($A7,'1909'!$A$3:$I$140,9,FALSE),"") -> 0 | PI7: =IFERROR(VLOOKUP($A7,'1909'!$A$3:$J$140,10,FALSE),"") -> 0 | PJ7: =IFERROR(VLOOKUP($A7,'1910'!$A$3:$B$140,2,FALSE),"") -> 21 | PK7: =IFERROR(VLOOKUP($A7,'1910'!$A$3:$C$140,3,FALSE),"") -> 2400.54 | PL7: =IFERROR(VLOOKUP($A7,'1910'!$A$3:$D$140,4,FALSE),"") -> 0 | PM7: =IFERROR(VLOOKUP($A7,'1910'!$A$3:$E$140,5,FALSE),"") -> 0 | PN7: =IFERROR(VLOOKUP($A7,'1910'!$A$3:$F$140,6,FALSE),"") -> 1 | PO7: =IFERROR(VLOOKUP($A7,'1910'!$A$3:$G$140,7,FALSE),"") -> 68.23 | PP7: =IFERROR(VLOOKUP($A7,'1910'!$A$3:$H$140,8,FALSE),"") -> 0 | PQ7: =IFERROR(VLOOKUP($A7,'1910'!$A$3:$I$140,9,FALSE),"") -> 0 | PR7: =IFERROR(VLOOKUP($A7,'1910'!$A$3:$J$140,10,FALSE),"") -> 0 | PS7: =IFERROR(VLOOKUP($A7,'1911'!$A$3:$B$140,2,FALSE),"") -> 8 | PT7: =IFERROR(VLOOKUP($A7,'1911'!$A$3:$C$140,3,FALSE),"") -> 373.27 | PU7: =IFERROR(VLOOKUP($A7,'1911'!$A$3:$D$140,4,FALSE),"") -> 1 | PV7: =IFERROR(VLOOKUP($A7,'1911'!$A$3:$E$140,5,FALSE),"") -> 47.34 | PW7: =IFERROR(VLOOKUP($A7,'1911'!$A$3:$F$140,6,FALSE),"") -> 1 | PX7: =IFERROR(VLOOKUP($A7,'1911'!$A$3:$G$140,7,FALSE),"") -> 29.72 | PY7: =IFERROR(VLOOKUP($A7,'1911'!$A$3:$H$140,8,FALSE),"") -> 0 | PZ7: =IFERROR(VLOOKUP($A7,'1911'!$A$3:$I$140,9,FALSE),"") -> 0 | QA7: =IFERROR(VLOOKUP($A7,'1911'!$A$3:$J$140,10,FALSE),"") -> 0 | QB7: =IFERROR(VLOOKUP($A7,'1912'!$A$3:$B$140,2,FALSE),"") -> 14 | QC7: =IFERROR(VLOOKUP($A7,'1912'!$A$3:$C$140,3,FALSE),"") -> 1185.32 | QD7: =IFERROR(VLOOKUP($A7,'1912'!$A$3:$D$140,4,FALSE),"") -> 0 | QE7: =IFERROR(VLOOKUP($A7,'1912'!$A$3:$E$140,5,FALSE),"") -> 0 | QF7: =IFERROR(VLOOKUP($A7,'1912'!$A$3:$F$140,6,FALSE),"") -> 0 | QG7: =IFERROR(VLOOKUP($A7,'1912'!$A$3:$G$140,7,FALSE),"") -> 0 | QH7: =IFERROR(VLOOKUP($A7,'1912'!$A$3:$H$140,8,FALSE),"") -> 0 | QI7: =IFERROR(VLOOKUP($A7,'1912'!$A$3:$I$140,9,FALSE),"") -> 0 | QJ7: =IFERROR(VLOOKUP($A7,'1912'!$A$3:$J$140,10,FALSE),"") -> 0
A8: Nome, AK | B8: Alaska | C8: =IFERROR(VLOOKUP($A8,'1863'!$A$3:$B$140,2,FALSE),"") | D8: =IFERROR(VLOOKUP($A8,'1863'!$A$3:$C$140,3,FALSE),"") | E8: =IFERROR(VLOOKUP($A8,'1863'!$A$3:$D$140,4,FALSE),"") | F8: =IFERROR(VLOOKUP($A8,'1863'!$A$3:$E$140,5,FALSE),"") | G8: =IFERROR(VLOOKUP($A8,'1863'!$A$3:$F$140,6,FALSE),"") | H8: =IFERROR(VLOOKUP($A8,'1863'!$A$3:$G$140,7,FALSE),"") | I8: =IFERROR(VLOOKUP($A8,'1863'!$A$3:$H$140,8,FALSE),"") | J8: =IFERROR(VLOOKUP($A8,'1863'!$A$3:$I$140,9,FALSE),"") | K8: =IFERROR(VLOOKUP($A8,'1863'!$A$3:$J$140,10,FALSE),"") | L8: =IFERROR(VLOOKUP($A8,'1864'!$A$3:$B$140,2,FALSE),"") | M8: =IFERROR(VLOOKUP($A8,'1864'!$A$3:$C$140,3,FALSE),"") | N8: =IFERROR(VLOOKUP($A8,'1864'!$A$3:$D$140,4,FALSE),"") | O8: =IFERROR(VLOOKUP($A8,'1864'!$A$3:$E$140,5,FALSE),"") | P8: =IFERROR(VLOOKUP($A8,'1864'!$A$3:$F$140,6,FALSE),"") | Q8: =IFERROR(VLOOKUP($A8,'1864'!$A$3:$G$140,7,FALSE),"") | R8: =IFERROR(VLOOKUP($A8,'1864'!$A$3:$H$140,8,FALSE),"") | S8: =IFERROR(VLOOKUP($A8,'1864'!$A$3:$I$140,9,FALSE),"") | T8: =IFERROR(VLOOKUP($A8,'1864'!$A$3:$J$140,10,FALSE),"") | U8: =IFERROR(VLOOKUP($A8,'1865'!$A$3:$B$140,2,FALSE),"") | V8: =IFERROR(VLOOKUP($A8,'1865'!$A$3:$C$140,3,FALSE),"") | W8: =IFERROR(VLOOKUP($A8,'1865'!$A$3:$D$140,4,FALSE),"") | X8: =IFERROR(VLOOKUP($A8,'1865'!$A$3:$E$140,5,FALSE),"") | Y8: =IFERROR(VLOOKUP($A8,'1865'!$A$3:$F$140,6,FALSE),"") | Z8: =IFERROR(VLOOKUP($A8,'1865'!$A$3:$G$140,7,FALSE),"") | AA8: =IFERROR(VLOOKUP($A8,'1865'!$A$3:$H$140,8,FALSE),"") | AB8: =IFERROR(VLOOKUP($A8,'1865'!$A$3:$I$140,9,FALSE),"") | AC8: =IFERROR(VLOOKUP($A8,'1865'!$A$3:$J$140,10,FALSE),"") | AD8: =IFERROR(VLOOKUP($A8,'1866'!$A$3:$B$140,2,FALSE),"") | AE8: =IFERROR(VLOOKUP($A8,'1866'!$A$3:$C$140,3,FALSE),"") | AF8: =IFERROR(VLOOKUP($A8,'1866'!$A$3:$D$140,4,FALSE),"") | AG8: =IFERROR(VLOOKUP($A8,'1866'!$A$3:$E$140,5,FALSE),"") | AH8: =IFERROR(VLOOKUP($A8,'1866'!$A$3:$F$140,6,FALSE),"") | AI8: =IFERROR(VLOOKUP($A8,'1866'!$A$3:$G$140,7,FALSE),"") | AJ8: =IFERROR(VLOOKUP($A8,'1866'!$A$3:$H$140,8,FALSE),"") | AK8: =IFERROR(VLOOKUP($A8,'1866'!$A$3:$I$140,9,FALSE),"") | AL8: =IFERROR(VLOOKUP($A8,'1866'!$A$3:$J$140,10,FALSE),"") | AM8: =IFERROR(VLOOKUP($A8,'1867'!$A$3:$B$140,2,FALSE),"") | AN8: =IFERROR(VLOOKUP($A8,'1867'!$A$3:$C$140,3,FALSE),"") | AO8: =IFERROR(VLOOKUP($A8,'1867'!$A$3:$D$140,4,FALSE),"") | AP8: =IFERROR(VLOOKUP($A8,'1867'!$A$3:$E$140,5,FALSE),"") | AQ8: =IFERROR(VLOOKUP($A8,'1867'!$A$3:$F$140,6,FALSE),"") | AR8: =IFERROR(VLOOKUP($A8,'1867'!$A$3:$G$140,7,FALSE),"") | AS8: =IFERROR(VLOOKUP($A8,'1867'!$A$3:$H$140,8,FALSE),"") | AT8: =IFERROR(VLOOKUP($A8,'1867'!$A$3:$I$140,9,FALSE),"") | AU8: =IFERROR(VLOOKUP($A8,'1867'!$A$3:$J$140,10,FALSE),"") | AV8: =IFERROR(VLOOKUP($A8,'1868'!$A$3:$B$140,2,FALSE),"") | AW8: =IFERROR(VLOOKUP($A8,'1868'!$A$3:$C$140,3,FALSE),"") | AX8: =IFERROR(VLOOKUP($A8,'1868'!$A$3:$D$140,4,FALSE),"") | AY8: =IFERROR(VLOOKUP($A8,'1868'!$A$3:$E$140,5,FALSE),"") | AZ8: =IFERROR(VLOOKUP($A8,'1868'!$A$3:$F$140,6,FALSE),"") | BA8: =IFERROR(VLOOKUP($A8,'1868'!$A$3:$G$140,7,FALSE),"") | BB8: =IFERROR(VLOOKUP($A8,'1868'!$A$3:$H$140,8,FALSE),"") | BC8: =IFERROR(VLOOKUP($A8,'1868'!$A$3:$I$140,9,FALSE),"") | BD8: =IFERROR(VLOOKUP($A8,'1868'!$A$3:$J$140,10,FALSE),"") | BE8: =IFERROR(VLOOKUP($A8,'1869'!$A$3:$B$140,2,FALSE),"") | BF8: =IFERROR(VLOOKUP($A8,'1869'!$A$3:$C$140,3,FALSE),"") | BG8: =IFERROR(VLOOKUP($A8,'1869'!$A$3:$D$140,4,FALSE),"") | BH8: =IFERROR(VLOOKUP($A8,'1869'!$A$3:$E$140,5,FALSE),"") | BI8: =IFERROR(VLOOKUP($A8,'1869'!$A$3:$F$140,6,FALSE),"") | BJ8: =IFERROR(VLOOKUP($A8,'1869'!$A$3:$G$140,7,FALSE),"") | BK8: =IFERROR(VLOOKUP($A8,'1869'!$A$3:$H$140,8,FALSE),"") | BL8: =IFERROR(VLOOKUP($A8,'1869'!$A$3:$I$140,9,FALSE),"") | BM8: =IFERROR(VLOOKUP($A8,'1869'!$A$3:$J$140,10,FALSE),"") | BN8: =IFERROR(VLOOKUP($A8,'1870'!$A$3:$B$140,2,FALSE),"") | BO8: =IFERROR(VLOOKUP($A8,'1870'!$A$3:$C$140,3,FALSE),"") | BP8: =IFERROR(VLOOKUP($A8,'1870'!$A$3:$D$140,4,FALSE),"") | BQ8: =IFERROR(VLOOKUP($A8,'1870'!$A$3:$E$140,5,FALSE),"") | BR8: =IFERROR(VLOOKUP($A8,'1870'!$A$3:$F$140,6,FALSE),"") | BS8: =IFERROR(VLOOKUP($A8,'1870'!$A$3:$G$140,7,FALSE),"") | BT8: =IFERROR(VLOOKUP($A8,'1870'!$A$3:$H$140,8,FALSE),"") | BU8: =IFERROR(VLOOKUP($A8,'1870'!$A$3:$I$140,9,FALSE),"") | BV8: =IFERROR(VLOOKUP($A8,'1870'!$A$3:$J$140,10,FALSE),"") | BW8: =IFERROR(VLOOKUP($A8,'1871'!$A$3:$B$140,2,FALSE),"") | BX8: =IFERROR(VLOOKUP($A8,'1871'!$A$3:$C$140,3,FALSE),"") | BY8: =IFERROR(VLOOKUP($A8,'1871'!$A$3:$D$140,4,FALSE),"") | BZ8: =IFERROR(VLOOKUP($A8,'1871'!$A$3:$E$140,5,FALSE),"") | CA8: =IFERROR(VLOOKUP($A8,'1871'!$A$3:$F$140,6,FALSE),"") | CB8: =IFERROR(VLOOKUP($A8,'1871'!$A$3:$G$140,7,FALSE),"") | CC8: =IFERROR(VLOOKUP($A8,'1871'!$A$3:$H$140,8,FALSE),"") | CD8: =IFERROR(VLOOKUP($A8,'1871'!$A$3:$I$140,9,FALSE),"") | CE8: =IFERROR(VLOOKUP($A8,'1871'!$A$3:$J$140,10,FALSE),"") | CF8: =IFERROR(VLOOKUP($A8,'1872'!$A$3:$B$140,2,FALSE),"") | CG8: =IFERROR(VLOOKUP($A8,'1872'!$A$3:$C$140,3,FALSE),"") | CH8: =IFERROR(VLOOKUP($A8,'1872'!$A$3:$D$140,4,FALSE),"") | CI8: =IFERROR(VLOOKUP($A8,'1872'!$A$3:$E$140,5,FALSE),"") | CJ8: =IFERROR(VLOOKUP($A8,'1872'!$A$3:$F$140,6,FALSE),"") | CK8: =IFERROR(VLOOKUP($A8,'1872'!$A$3:$G$140,7,FALSE),"") | CL8: =IFERROR(VLOOKUP($A8,'1872'!$A$3:$H$140,8,FALSE),"") | CM8: =IFERROR(VLOOKUP($A8,'1872'!$A$3:$I$140,9,FALSE),"") | CN8: =IFERROR(VLOOKUP($A8,'1872'!$A$3:$J$140,10,FALSE),"") | CO8: =IFERROR(VLOOKUP($A8,'1873'!$A$3:$B$140,2,FALSE),"") | CP8: =IFERROR(VLOOKUP($A8,'1873'!$A$3:$C$140,3,FALSE),"") | CQ8: =IFERROR(VLOOKUP($A8,'1873'!$A$3:$D$140,4,FALSE),"") | CR8: =IFERROR(VLOOKUP($A8,'1873'!$A$3:$E$140,5,FALSE),"") | CS8: =IFERROR(VLOOKUP($A8,'1873'!$A$3:$F$140,6,FALSE),"") | CT8: =IFERROR(VLOOKUP($A8,'1873'!$A$3:$G$140,7,FALSE),"") | CU8: =IFERROR(VLOOKUP($A8,'1873'!$A$3:$H$140,8,FALSE),"") | CV8: =IFERROR(VLOOKUP($A8,'1873'!$A$3:$I$140,9,FALSE),"") | CW8: =IFERROR(VLOOKUP($A8,'1873'!$A$3:$J$140,10,FALSE),"") | CX8: =IFERROR(VLOOKUP($A8,'1874'!$A$3:$B$140,2,FALSE),"") | CY8: =IFERROR(VLOOKUP($A8,'1874'!$A$3:$C$140,3,FALSE),"") | CZ8: =IFERROR(VLOOKUP($A8,'1874'!$A$3:$D$140,4,FALSE),"") | DA8: =IFERROR(VLOOKUP($A8,'1874'!$A$3:$E$140,5,FALSE),"") | DB8: =IFERROR(VLOOKUP($A8,'1874'!$A$3:$F$140,6,FALSE),"") | DC8: =IFERROR(VLOOKUP($A8,'1874'!$A$3:$G$140,7,FALSE),"") | DD8: =IFERROR(VLOOKUP($A8,'1874'!$A$3:$H$140,8,FALSE),"") | DE8: =IFERROR(VLOOKUP($A8,'1874'!$A$3:$I$140,9,FALSE),"") | DF8: =IFERROR(VLOOKUP($A8,'1874'!$A$3:$J$140,10,FALSE),"") | DG8: =IFERROR(VLOOKUP($A8,'1875'!$A$3:$B$140,2,FALSE),"") | DH8: =IFERROR(VLOOKUP($A8,'1875'!$A$3:$C$140,3,FALSE),"") | DI8: =IFERROR(VLOOKUP($A8,'1875'!$A$3:$D$140,4,FALSE),"") | DJ8: =IFERROR(VLOOKUP($A8,'1875'!$A$3:$E$140,5,FALSE),"") | DK8: =IFERROR(VLOOKUP($A8,'1875'!$A$3:$F$140,6,FALSE),"") | DL8: =IFERROR(VLOOKUP($A8,'1875'!$A$3:$G$140,7,FALSE),"") | DM8: =IFERROR(VLOOKUP($A8,'1875'!$A$3:$H$140,8,FALSE),"") | DN8: =IFERROR(VLOOKUP($A8,'1875'!$A$3:$I$140,9,FALSE),"") | DO8: =IFERROR(VLOOKUP($A8,'1875'!$A$3:$J$140,10,FALSE),"") | DP8: =IFERROR(VLOOKUP($A8,'1876'!$A$3:$B$140,2,FALSE),"") | DQ8: =IFERROR(VLOOKUP($A8,'1876'!$A$3:$C$140,3,FALSE),"") | DR8: =IFERROR(VLOOKUP($A8,'1876'!$A$3:$D$140,4,FALSE),"") | DS8: =IFERROR(VLOOKUP($A8,'1876'!$A$3:$E$140,5,FALSE),"") | DT8: =IFERROR(VLOOKUP($A8,'1876'!$A$3:$F$140,6,FALSE),"") | DU8: =IFERROR(VLOOKUP($A8,'1876'!$A$3:$G$140,7,FALSE),"") | DV8: =IFERROR(VLOOKUP($A8,'1876'!$A$3:$H$140,8,FALSE),"") | DW8: =IFERROR(VLOOKUP($A8,'1876'!$A$3:$I$140,9,FALSE),"") | DX8: =IFERROR(VLOOKUP($A8,'1876'!$A$3:$J$140,10,FALSE),"") | DY8: =IFERROR(VLOOKUP($A8,'1877'!$A$3:$B$140,2,FALSE),"") | DZ8: =IFERROR(VLOOKUP($A8,'1877'!$A$3:$C$140,3,FALSE),"") | EA8: =IFERROR(VLOOKUP($A8,'1877'!$A$3:$D$140,4,FALSE),"") | EB8: =IFERROR(VLOOKUP($A8,'1877'!$A$3:$E$140,5,FALSE),"") | EC8: =IFERROR(VLOOKUP($A8,'1877'!$A$3:$F$140,6,FALSE),"") | ED8: =IFERROR(VLOOKUP($A8,'1877'!$A$3:$G$140,7,FALSE),"") | EE8: =IFERROR(VLOOKUP($A8,'1877'!$A$3:$H$140,8,FALSE),"") | EF8: =IFERROR(VLOOKUP($A8,'1877'!$A$3:$I$140,9,FALSE),"") | EG8: =IFERROR(VLOOKUP($A8,'1877'!$A$3:$J$140,10,FALSE),"") | EH8: =IFERROR(VLOOKUP($A8,'1878'!$A$3:$B$140,2,FALSE),"") | EI8: =IFERROR(VLOOKUP($A8,'1878'!$A$3:$C$140,3,FALSE),"") | EJ8: =IFERROR(VLOOKUP($A8,'1878'!$A$3:$D$140,4,FALSE),"") | EK8: =IFERROR(VLOOKUP($A8,'1878'!$A$3:$E$140,5,FALSE),"") | EL8: =IFERROR(VLOOKUP($A8,'1878'!$A$3:$F$140,6,FALSE),"") | EM8: =IFERROR(VLOOKUP($A8,'1878'!$A$3:$G$140,7,FALSE),"") | EN8: =IFERROR(VLOOKUP($A8,'1878'!$A$3:$H$140,8,FALSE),"") | EO8: =IFERROR(VLOOKUP($A8,'1878'!$A$3:$I$140,9,FALSE),"") | EP8: =IFERROR(VLOOKUP($A8,'1878'!$A$3:$J$140,10,FALSE),"") | EQ8: =IFERROR(VLOOKUP($A8,'1879'!$A$3:$B$140,2,FALSE),"") | ER8: =IFERROR(VLOOKUP($A8,'1879'!$A$3:$C$140,3,FALSE),"") | ES8: =IFERROR(VLOOKUP($A8,'1879'!$A$3:$D$140,4,FALSE),"") | ET8: =IFERROR(VLOOKUP($A8,'1879'!$A$3:$E$140,5,FALSE),"") | EU8: =IFERROR(VLOOKUP($A8,'1879'!$A$3:$F$140,6,FALSE),"") | EV8: =IFERROR(VLOOKUP($A8,'1879'!$A$3:$G$140,7,FALSE),"") | EW8: =IFERROR(VLOOKUP($A8,'1879'!$A$3:$H$140,8,FALSE),"") | EX8: =IFERROR(VLOOKUP($A8,'1879'!$A$3:$I$140,9,FALSE),"") | EY8: =IFERROR(VLOOKUP($A8,'1879'!$A$3:$J$140,10,FALSE),"") | EZ8: =IFERROR(VLOOKUP($A8,'1880'!$A$3:$B$140,2,FALSE),"") | FA8: =IFERROR(VLOOKUP($A8,'1880'!$A$3:$C$140,3,FALSE),"") | FB8: =IFERROR(VLOOKUP($A8,'1880'!$A$3:$D$140,4,FALSE),"") | FC8: =IFERROR(VLOOKUP($A8,'1880'!$A$3:$E$140,5,FALSE),"") | FD8: =IFERROR(VLOOKUP($A8,'1880'!$A$3:$F$140,6,FALSE),"") | FE8: =IFERROR(VLOOKUP($A8,'1880'!$A$3:$G$140,7,FALSE),"") | FF8: =IFERROR(VLOOKUP($A8,'1880'!$A$3:$H$140,8,FALSE),"") | FG8: =IFERROR(VLOOKUP($A8,'1880'!$A$3:$I$140,9,FALSE),"") | FH8: =IFERROR(VLOOKUP($A8,'1880'!$A$3:$J$140,10,FALSE),"") | FI8: =IFERROR(VLOOKUP($A8,'1881'!$A$3:$B$140,2,FALSE),"") | FJ8: =IFERROR(VLOOKUP($A8,'1881'!$A$3:$C$140,3,FALSE),"") | FK8: =IFERROR(VLOOKUP($A8,'1881'!$A$3:$D$140,4,FALSE),"") | FL8: =IFERROR(VLOOKUP($A8,'1881'!$A$3:$E$140,5,FALSE),"") | FM8: =IFERROR(VLOOKUP($A8,'1881'!$A$3:$F$140,6,FALSE),"") | FN8: =IFERROR(VLOOKUP($A8,'1881'!$A$3:$G$140,7,FALSE),"") | FO8: =IFERROR(VLOOKUP($A8,'1881'!$A$3:$H$140,8,FALSE),"") | FP8: =IFERROR(VLOOKUP($A8,'1881'!$A$3:$I$140,9,FALSE),"") | FQ8: =IFERROR(VLOOKUP($A8,'1881'!$A$3:$J$140,10,FALSE),"") | FR8: =IFERROR(VLOOKUP($A8,'1882'!$A$3:$B$140,2,FALSE),"") | FS8: =IFERROR(VLOOKUP($A8,'1882'!$A$3:$C$140,3,FALSE),"") | FT8: =IFERROR(VLOOKUP($A8,'1882'!$A$3:$D$140,4,FALSE),"") | FU8: =IFERROR(VLOOKUP($A8,'1882'!$A$3:$E$140,5,FALSE),"") | FV8: =IFERROR(VLOOKUP($A8,'1882'!$A$3:$F$140,6,FALSE),"") | FW8: =IFERROR(VLOOKUP($A8,'1882'!$A$3:$G$140,7,FALSE),"") | FX8: =IFERROR(VLOOKUP($A8,'1882'!$A$3:$H$140,8,FALSE),"") | FY8: =IFERROR(VLOOKUP($A8,'1882'!$A$3:$I$140,9,FALSE),"") | FZ8: =IFERROR(VLOOKUP($A8,'1882'!$A$3:$J$140,10,FALSE),"") | GA8: =IFERROR(VLOOKUP($A8,'1883'!$A$3:$B$140,2,FALSE),"") | GB8: =IFERROR(VLOOKUP($A8,'1883'!$A$3:$C$140,3,FALSE),"") | GC8: =IFERROR(VLOOKUP($A8,'1883'!$A$3:$D$140,4,FALSE),"") | GD8: =IFERROR(VLOOKUP($A8,'1883'!$A$3:$E$140,5,FALSE),"") | GE8: =IFERROR(VLOOKUP($A8,'1883'!$A$3:$F$140,6,FALSE),"") | GF8: =IFERROR(VLOOKUP($A8,'1883'!$A$3:$G$140,7,FALSE),"") | GG8: =IFERROR(VLOOKUP($A8,'1883'!$A$3:$H$140,8,FALSE),"") | GH8: =IFERROR(VLOOKUP($A8,'1883'!$A$3:$I$140,9,FALSE),"") | GI8: =IFERROR(VLOOKUP($A8,'1883'!$A$3:$J$140,10,FALSE),"") | GJ8: =IFERROR(VLOOKUP($A8,'1884'!$A$3:$B$140,2,FALSE),"") | GK8: =IFERROR(VLOOKUP($A8,'1884'!$A$3:$C$140,3,FALSE),"") | GL8: =IFERROR(VLOOKUP($A8,'1884'!$A$3:$D$140,4,FALSE),"") | GM8: =IFERROR(VLOOKUP($A8,'1884'!$A$3:$E$140,5,FALSE),"") | GN8: =IFERROR(VLOOKUP($A8,'1884'!$A$3:$F$140,6,FALSE),"") | GO8: =IFERROR(VLOOKUP($A8,'1884'!$A$3:$G$140,7,FALSE),"") | GP8: =IFERROR(VLOOKUP($A8,'1884'!$A$3:$H$140,8,FALSE),"") | GQ8: =IFERROR(VLOOKUP($A8,'1884'!$A$3:$I$140,9,FALSE),"") | GR8: =IFERROR(VLOOKUP($A8,'1884'!$A$3:$J$140,10,FALSE),"") | GS8: =IFERROR(VLOOKUP($A8,'1885'!$A$3:$B$140,2,FALSE),"") | GT8: =IFERROR(VLOOKUP($A8,'1885'!$A$3:$C$140,3,FALSE),"") | GU8: =IFERROR(VLOOKUP($A8,'1885'!$A$3:$D$140,4,FALSE),"") | GV8: =IFERROR(VLOOKUP($A8,'1885'!$A$3:$E$140,5,FALSE),"") | GW8: =IFERROR(VLOOKUP($A8,'1885'!$A$3:$F$140,6,FALSE),"") | GX8: =IFERROR(VLOOKUP($A8,'1885'!$A$3:$G$140,7,FALSE),"") | GY8: =IFERROR(VLOOKUP($A8,'1885'!$A$3:$H$140,8,FALSE),"") | GZ8: =IFERROR(VLOOKUP($A8,'1885'!$A$3:$I$140,9,FALSE),"") | HA8: =IFERROR(VLOOKUP($A8,'1885'!$A$3:$J$140,10,FALSE),"") | HB8: =IFERROR(VLOOKUP($A8,'1886'!$A$3:$B$140,2,FALSE),"") | HC8: =IFERROR(VLOOKUP($A8,'1886'!$A$3:$C$140,3,FALSE),"") | HD8: =IFERROR(VLOOKUP($A8,'1886'!$A$3:$D$140,4,FALSE),"") | HE8: =IFERROR(VLOOKUP($A8,'1886'!$A$3:$E$140,5,FALSE),"") | HF8: =IFERROR(VLOOKUP($A8,'1886'!$A$3:$F$140,6,FALSE),"") | HG8: =IFERROR(VLOOKUP($A8,'1886'!$A$3:$G$140,7,FALSE),"") | HH8: =IFERROR(VLOOKUP($A8,'1886'!$A$3:$H$140,8,FALSE),"") | HI8: =IFERROR(VLOOKUP($A8,'1886'!$A$3:$I$140,9,FALSE),"") | HJ8: =IFERROR(VLOOKUP($A8,'1886'!$A$3:$J$140,10,FALSE),"") | HK8: =IFERROR(VLOOKUP($A8,'1887'!$A$3:$B$140,2,FALSE),"") | HL8: =IFERROR(VLOOKUP($A8,'1887'!$A$3:$C$140,3,FALSE),"") | HM8: =IFERROR(VLOOKUP($A8,'1887'!$A$3:$D$140,4,FALSE),"") | HN8: =IFERROR(VLOOKUP($A8,'1887'!$A$3:$E$140,5,FALSE),"") | HO8: =IFERROR(VLOOKUP($A8,'1887'!$A$3:$F$140,6,FALSE),"") | HP8: =IFERROR(VLOOKUP($A8,'1887'!$A$3:$G$140,7,FALSE),"") | HQ8: =IFERROR(VLOOKUP($A8,'1887'!$A$3:$H$140,8,FALSE),"") | HR8: =IFERROR(VLOOKUP($A8,'1887'!$A$3:$I$140,9,FALSE),"") | HS8: =IFERROR(VLOOKUP($A8,'1887'!$A$3:$J$140,10,FALSE),"") | HT8: =IFERROR(VLOOKUP($A8,'1888'!$A$3:$B$140,2,FALSE),"") | HU8: =IFERROR(VLOOKUP($A8,'1888'!$A$3:$C$140,3,FALSE),"") | HV8: =IFERROR(VLOOKUP($A8,'1888'!$A$3:$D$140,4,FALSE),"") | HW8: =IFERROR(VLOOKUP($A8,'1888'!$A$3:$E$140,5,FALSE),"") | HX8: =IFERROR(VLOOKUP($A8,'1888'!$A$3:$F$140,6,FALSE),"") | HY8: =IFERROR(VLOOKUP($A8,'1888'!$A$3:$G$140,7,FALSE),"") | HZ8: =IFERROR(VLOOKUP($A8,'1888'!$A$3:$H$140,8,FALSE),"") | IA8: =IFERROR(VLOOKUP($A8,'1888'!$A$3:$I$140,9,FALSE),"") | IB8: =IFERROR(VLOOKUP($A8,'1888'!$A$3:$J$140,10,FALSE),"") | IC8: =IFERROR(VLOOKUP($A8,'1889'!$A$3:$B$140,2,FALSE),"") | ID8: =IFERROR(VLOOKUP($A8,'1889'!$A$3:$C$140,3,FALSE),"") | IE8: =IFERROR(VLOOKUP($A8,'1889'!$A$3:$D$140,4,FALSE),"") | IF8: =IFERROR(VLOOKUP($A8,'1889'!$A$3:$E$140,5,FALSE),"") | IG8: =IFERROR(VLOOKUP($A8,'1889'!$A$3:$F$140,6,FALSE),"") | IH8: =IFERROR(VLOOKUP($A8,'1889'!$A$3:$G$140,7,FALSE),"") | II8: =IFERROR(VLOOKUP($A8,'1889'!$A$3:$H$140,8,FALSE),"") | IJ8: =IFERROR(VLOOKUP($A8,'1889'!$A$3:$I$140,9,FALSE),"") | IK8: =IFERROR(VLOOKUP($A8,'1889'!$A$3:$J$140,10,FALSE),"") | IL8: =IFERROR(VLOOKUP($A8,'1890'!$A$3:$B$140,2,FALSE),"") | IM8: =IFERROR(VLOOKUP($A8,'1890'!$A$3:$C$140,3,FALSE),"") | IN8: =IFERROR(VLOOKUP($A8,'1890'!$A$3:$D$140,4,FALSE),"") | IO8: =IFERROR(VLOOKUP($A8,'1890'!$A$3:$E$140,5,FALSE),"") | IP8: =IFERROR(VLOOKUP($A8,'1890'!$A$3:$F$140,6,FALSE),"") | IQ8: =IFERROR(VLOOKUP($A8,'1890'!$A$3:$G$140,7,FALSE),"") | IR8: =IFERROR(VLOOKUP($A8,'1890'!$A$3:$H$140,8,FALSE),"") | IS8: =IFERROR(VLOOKUP($A8,'1890'!$A$3:$I$140,9,FALSE),"") | IT8: =IFERROR(VLOOKUP($A8,'1890'!$A$3:$J$140,10,FALSE),"") | IU8: =IFERROR(VLOOKUP($A8,'1891'!$A$3:$B$140,2,FALSE),"") | IV8: =IFERROR(VLOOKUP($A8,'1891'!$A$3:$C$140,3,FALSE),"") | IW8: =IFERROR(VLOOKUP($A8,'1891'!$A$3:$D$140,4,FALSE),"") | IX8: =IFERROR(VLOOKUP($A8,'1891'!$A$3:$E$140,5,FALSE),"") | IY8: =IFERROR(VLOOKUP($A8,'1891'!$A$3:$F$140,6,FALSE),"") | IZ8: =IFERROR(VLOOKUP($A8,'1891'!$A$3:$G$140,7,FALSE),"") | JA8: =IFERROR(VLOOKUP($A8,'1891'!$A$3:$H$140,8,FALSE),"") | JB8: =IFERROR(VLOOKUP($A8,'1891'!$A$3:$I$140,9,FALSE),"") | JC8: =IFERROR(VLOOKUP($A8,'1891'!$A$3:$J$140,10,FALSE),"") | JD8: =IFERROR(VLOOKUP($A8,'1892'!$A$3:$B$140,2,FALSE),"") | JE8: =IFERROR(VLOOKUP($A8,'1892'!$A$3:$C$140,3,FALSE),"") | JF8: =IFERROR(VLOOKUP($A8,'1892'!$A$3:$D$140,4,FALSE),"") | JG8: =IFERROR(VLOOKUP($A8,'1892'!$A$3:$E$140,5,FALSE),"") | JH8: =IFERROR(VLOOKUP($A8,'1892'!$A$3:$F$140,6,FALSE),"") | JI8: =IFERROR(VLOOKUP($A8,'1892'!$A$3:$G$140,7,FALSE),"") | JJ8: =IFERROR(VLOOKUP($A8,'1892'!$A$3:$H$140,8,FALSE),"") | JK8: =IFERROR(VLOOKUP($A8,'1892'!$A$3:$I$140,9,FALSE),"") | JL8: =IFERROR(VLOOKUP($A8,'1892'!$A$3:$J$140,10,FALSE),"") | JM8: =IFERROR(VLOOKUP($A8,'1893'!$A$3:$B$140,2,FALSE),"") | JN8: =IFERROR(VLOOKUP($A8,'1893'!$A$3:$C$140,3,FALSE),"") | JO8: =IFERROR(VLOOKUP($A8,'1893'!$A$3:$D$140,4,FALSE),"") | JP8: =IFERROR(VLOOKUP($A8,'1893'!$A$3:$E$140,5,FALSE),"") | JQ8: =IFERROR(VLOOKUP($A8,'1893'!$A$3:$F$140,6,FALSE),"") | JR8: =IFERROR(VLOOKUP($A8,'1893'!$A$3:$G$140,7,FALSE),"") | JS8: =IFERROR(VLOOKUP($A8,'1893'!$A$3:$H$140,8,FALSE),"") | JT8: =IFERROR(VLOOKUP($A8,'1893'!$A$3:$I$140,9,FALSE),"") | JU8: =IFERROR(VLOOKUP($A8,'1893'!$A$3:$J$140,10,FALSE),"") | JV8: =IFERROR(VLOOKUP($A8,'1894'!$A$3:$B$140,2,FALSE),"") | JW8: =IFERROR(VLOOKUP($A8,'1894'!$A$3:$C$140,3,FALSE),"") | JX8: =IFERROR(VLOOKUP($A8,'1894'!$A$3:$D$140,4,FALSE),"") | JY8: =IFERROR(VLOOKUP($A8,'1894'!$A$3:$E$140,5,FALSE),"") | JZ8: =IFERROR(VLOOKUP($A8,'1894'!$A$3:$F$140,6,FALSE),"") | KA8: =IFERROR(VLOOKUP($A8,'1894'!$A$3:$G$140,7,FALSE),"") | KB8: =IFERROR(VLOOKUP($A8,'1894'!$A$3:$H$140,8,FALSE),"") | KC8: =IFERROR(VLOOKUP($A8,'1894'!$A$3:$I$140,9,FALSE),"") | KD8: =IFERROR(VLOOKUP($A8,'1894'!$A$3:$J$140,10,FALSE),"") | KE8: =IFERROR(VLOOKUP($A8,'1895'!$A$3:$B$140,2,FALSE),"") | KF8: =IFERROR(VLOOKUP($A8,'1895'!$A$3:$C$140,3,FALSE),"") | KG8: =IFERROR(VLOOKUP($A8,'1895'!$A$3:$D$140,4,FALSE),"") | KH8: =IFERROR(VLOOKUP($A8,'1895'!$A$3:$E$140,5,FALSE),"") | KI8: =IFERROR(VLOOKUP($A8,'1895'!$A$3:$F$140,6,FALSE),"") | KJ8: =IFERROR(VLOOKUP($A8,'1895'!$A$3:$G$140,7,FALSE),"") | KK8: =IFERROR(VLOOKUP($A8,'1895'!$A$3:$H$140,8,FALSE),"") | KL8: =IFERROR(VLOOKUP($A8,'1895'!$A$3:$I$140,9,FALSE),"") | KM8: =IFERROR(VLOOKUP($A8,'1895'!$A$3:$J$140,10,FALSE),"") | KN8: =IFERROR(VLOOKUP($A8,'1896'!$A$3:$B$140,2,FALSE),"") | KO8: =IFERROR(VLOOKUP($A8,'1896'!$A$3:$C$140,3,FALSE),"") | KP8: =IFERROR(VLOOKUP($A8,'1896'!$A$3:$D$140,4,FALSE),"") | KQ8: =IFERROR(VLOOKUP($A8,'1896'!$A$3:$E$140,5,FALSE),"") | KR8: =IFERROR(VLOOKUP($A8,'1896'!$A$3:$F$140,6,FALSE),"") | KS8: =IFERROR(VLOOKUP($A8,'1896'!$A$3:$G$140,7,FALSE),"") | KT8: =IFERROR(VLOOKUP($A8,'1896'!$A$3:$H$140,8,FALSE),"") | KU8: =IFERROR(VLOOKUP($A8,'1896'!$A$3:$I$140,9,FALSE),"") | KV8: =IFERROR(VLOOKUP($A8,'1896'!$A$3:$J$140,10,FALSE),"") | KW8: =IFERROR(VLOOKUP($A8,'1897'!$A$3:$B$140,2,FALSE),"") | KX8: =IFERROR(VLOOKUP($A8,'1897'!$A$3:$C$140,3,FALSE),"") | KY8: =IFERROR(VLOOKUP($A8,'1897'!$A$3:$D$140,4,FALSE),"") | KZ8: =IFERROR(VLOOKUP($A8,'1897'!$A$3:$E$140,5,FALSE),"") | LA8: =IFERROR(VLOOKUP($A8,'1897'!$A$3:$F$140,6,FALSE),"") | LB8: =IFERROR(VLOOKUP($A8,'1897'!$A$3:$G$140,7,FALSE),"") | LC8: =IFERROR(VLOOKUP($A8,'1897'!$A$3:$H$140,8,FALSE),"") | LD8: =IFERROR(VLOOKUP($A8,'1897'!$A$3:$I$140,9,FALSE),"") | LE8: =IFERROR(VLOOKUP($A8,'1897'!$A$3:$J$140,10,FALSE),"") | LF8: =IFERROR(VLOOKUP($A8,'1898'!$A$3:$B$140,2,FALSE),"") | LG8: =IFERROR(VLOOKUP($A8,'1898'!$A$3:$C$140,3,FALSE),"") | LH8: =IFERROR(VLOOKUP($A8,'1898'!$A$3:$D$140,4,FALSE),"") | LI8: =IFERROR(VLOOKUP($A8,'1898'!$A$3:$E$140,5,FALSE),"") | LJ8: =IFERROR(VLOOKUP($A8,'1898'!$A$3:$F$140,6,FALSE),"") | LK8: =IFERROR(VLOOKUP($A8,'1898'!$A$3:$G$140,7,FALSE),"") | LL8: =IFERROR(VLOOKUP($A8,'1898'!$A$3:$H$140,8,FALSE),"") | LM8: =IFERROR(VLOOKUP($A8,'1898'!$A$3:$I$140,9,FALSE),"") | LN8: =IFERROR(VLOOKUP($A8,'1898'!$A$3:$J$140,10,FALSE),"") | LO8: =IFERROR(VLOOKUP($A8,'1899'!$A$3:$B$140,2,FALSE),"") | LP8: =IFERROR(VLOOKUP($A8,'1899'!$A$3:$C$140,3,FALSE),"") | LQ8: =IFERROR(VLOOKUP($A8,'1899'!$A$3:$D$140,4,FALSE),"") | LR8: =IFERROR(VLOOKUP($A8,'1899'!$A$3:$E$140,5,FALSE),"") | LS8: =IFERROR(VLOOKUP($A8,'1899'!$A$3:$F$140,6,FALSE),"") | LT8: =IFERROR(VLOOKUP($A8,'1899'!$A$3:$G$140,7,FALSE),"") | LU8: =IFERROR(VLOOKUP($A8,'1899'!$A$3:$H$140,8,FALSE),"") | LV8: =IFERROR(VLOOKUP($A8,'1899'!$A$3:$I$140,9,FALSE),"") | LW8: =IFERROR(VLOOKUP($A8,'1899'!$A$3:$J$140,10,FALSE),"") | LX8: =IFERROR(VLOOKUP($A8,'1900'!$A$3:$B$140,2,FALSE),"") | LY8: =IFERROR(VLOOKUP($A8,'1900'!$A$3:$C$140,3,FALSE),"") | LZ8: =IFERROR(VLOOKUP($A8,'1900'!$A$3:$D$140,4,FALSE),"") | MA8: =IFERROR(VLOOKUP($A8,'1900'!$A$3:$E$140,5,FALSE),"") | MB8: =IFERROR(VLOOKUP($A8,'1900'!$A$3:$F$140,6,FALSE),"") | MC8: =IFERROR(VLOOKUP($A8,'1900'!$A$3:$G$140,7,FALSE),"") | MD8: =IFERROR(VLOOKUP($A8,'1900'!$A$3:$H$140,8,FALSE),"") | ME8: =IFERROR(VLOOKUP($A8,'1900'!$A$3:$I$140,9,FALSE),"") | MF8: =IFERROR(VLOOKUP($A8,'1900'!$A$3:$J$140,10,FALSE),"") | MG8: =IFERROR(VLOOKUP($A8,'1901'!$A$3:$B$140,2,FALSE),"") | MH8: =IFERROR(VLOOKUP($A8,'1901'!$A$3:$C$140,3,FALSE),"") | MI8: =IFERROR(VLOOKUP($A8,'1901'!$A$3:$D$140,4,FALSE),"") | MJ8: =IFERROR(VLOOKUP($A8,'1901'!$A$3:$E$140,5,FALSE),"") | MK8: =IFERROR(VLOOKUP($A8,'1901'!$A$3:$F$140,6,FALSE),"") | ML8: =IFERROR(VLOOKUP($A8,'1901'!$A$3:$G$140,7,FALSE),"") | MM8: =IFERROR(VLOOKUP($A8,'1901'!$A$3:$H$140,8,FALSE),"") | MN8: =IFERROR(VLOOKUP($A8,'1901'!$A$3:$I$140,9,FALSE),"") | MO8: =IFERROR(VLOOKUP($A8,'1901'!$A$3:$J$140,10,FALSE),"") | MP8: =IFERROR(VLOOKUP($A8,'1902'!$A$3:$B$140,2,FALSE),"") | MQ8: =IFERROR(VLOOKUP($A8,'1902'!$A$3:$C$140,3,FALSE),"") | MR8: =IFERROR(VLOOKUP($A8,'1902'!$A$3:$D$140,4,FALSE),"") | MS8: =IFERROR(VLOOKUP($A8,'1902'!$A$3:$E$140,5,FALSE),"") | MT8: =IFERROR(VLOOKUP($A8,'1902'!$A$3:$F$140,6,FALSE),"") | MU8: =IFERROR(VLOOKUP($A8,'1902'!$A$3:$G$140,7,FALSE),"") | MV8: =IFERROR(VLOOKUP($A8,'1902'!$A$3:$H$140,8,FALSE),"") | MW8: =IFERROR(VLOOKUP($A8,'1902'!$A$3:$I$140,9,FALSE),"") | MX8: =IFERROR(VLOOKUP($A8,'1902'!$A$3:$J$140,10,FALSE),"") | MY8: =IFERROR(VLOOKUP($A8,'1903'!$A$3:$B$140,2,FALSE),"") | MZ8: =IFERROR(VLOOKUP($A8,'1903'!$A$3:$C$140,3,FALSE),"") | NA8: =IFERROR(VLOOKUP($A8,'1903'!$A$3:$D$140,4,FALSE),"") | NB8: =IFERROR(VLOOKUP($A8,'1903'!$A$3:$E$140,5,FALSE),"") | NC8: =IFERROR(VLOOKUP($A8,'1903'!$A$3:$F$140,6,FALSE),"") | ND8: =IFERROR(VLOOKUP($A8,'1903'!$A$3:$G$140,7,FALSE),"") | NE8: =IFERROR(VLOOKUP($A8,'1903'!$A$3:$H$140,8,FALSE),"") | NF8: =IFERROR(VLOOKUP($A8,'1903'!$A$3:$I$140,9,FALSE),"") | NG8: =IFERROR(VLOOKUP($A8,'1903'!$A$3:$J$140,10,FALSE),"") | NH8: =IFERROR(VLOOKUP($A8,'1904'!$A$3:$B$140,2,FALSE),"") | NI8: =IFERROR(VLOOKUP($A8,'1904'!$A$3:$C$140,3,FALSE),"") | NJ8: =IFERROR(VLOOKUP($A8,'1904'!$A$3:$D$140,4,FALSE),"") | NK8: =IFERROR(VLOOKUP($A8,'1904'!$A$3:$E$140,5,FALSE),"") | NL8: =IFERROR(VLOOKUP($A8,'1904'!$A$3:$F$140,6,FALSE),"") | NM8: =IFERROR(VLOOKUP($A8,'1904'!$A$3:$G$140,7,FALSE),"") | NN8: =IFERROR(VLOOKUP($A8,'1904'!$A$3:$H$140,8,FALSE),"") | NO8: =IFERROR(VLOOKUP($A8,'1904'!$A$3:$I$140,9,FALSE),"") | NP8: =IFERROR(VLOOKUP($A8,'1904'!$A$3:$J$140,10,FALSE),"") | NQ8: =IFERROR(VLOOKUP($A8,'1905'!$A$3:$B$140,2,FALSE),"") | NR8: =IFERROR(VLOOKUP($A8,'1905'!$A$3:$C$140,3,FALSE),"") | NS8: =IFERROR(VLOOKUP($A8,'1905'!$A$3:$D$140,4,FALSE),"") | NT8: =IFERROR(VLOOKUP($A8,'1905'!$A$3:$E$140,5,FALSE),"") | NU8: =IFERROR(VLOOKUP($A8,'1905'!$A$3:$F$140,6,FALSE),"") | NV8: =IFERROR(VLOOKUP($A8,'1905'!$A$3:$G$140,7,FALSE),"") | NW8: =IFERROR(VLOOKUP($A8,'1905'!$A$3:$H$140,8,FALSE),"") | NX8: =IFERROR(VLOOKUP($A8,'1905'!$A$3:$I$140,9,FALSE),"") | NY8: =IFERROR(VLOOKUP($A8,'1905'!$A$3:$J$140,10,FALSE),"") | NZ8: =IFERROR(VLOOKUP($A8,'1906'!$A$3:$B$140,2,FALSE),"") | OA8: =IFERROR(VLOOKUP($A8,'1906'!$A$3:$C$140,3,FALSE),"") | OB8: =IFERROR(VLOOKUP($A8,'1906'!$A$3:$D$140,4,FALSE),"") | OC8: =IFERROR(VLOOKUP($A8,'1906'!$A$3:$E$140,5,FALSE),"") | OD8: =IFERROR(VLOOKUP($A8,'1906'!$A$3:$F$140,6,FALSE),"") | OE8: =IFERROR(VLOOKUP($A8,'1906'!$A$3:$G$140,7,FALSE),"") | OF8: =IFERROR(VLOOKUP($A8,'1906'!$A$3:$H$140,8,FALSE),"") | OG8: =IFERROR(VLOOKUP($A8,'1906'!$A$3:$I$140,9,FALSE),"") | OH8: =IFERROR(VLOOKUP($A8,'1906'!$A$3:$J$140,10,FALSE),"") | OI8: =IFERROR(VLOOKUP($A8,'1907'!$A$3:$B$140,2,FALSE),"") | OJ8: =IFERROR(VLOOKUP($A8,'1907'!$A$3:$C$140,3,FALSE),"") | OK8: =IFERROR(VLOOKUP($A8,'1907'!$A$3:$D$140,4,FALSE),"") | OL8: =IFERROR(VLOOKUP($A8,'1907'!$A$3:$E$140,5,FALSE),"") | OM8: =IFERROR(VLOOKUP($A8,'1907'!$A$3:$F$140,6,FALSE),"") | ON8: =IFERROR(VLOOKUP($A8,'1907'!$A$3:$G$140,7,FALSE),"") | OO8: =IFERROR(VLOOKUP($A8,'1907'!$A$3:$H$140,8,FALSE),"") | OP8: =IFERROR(VLOOKUP($A8,'1907'!$A$3:$I$140,9,FALSE),"") | OQ8: =IFERROR(VLOOKUP($A8,'1907'!$A$3:$J$140,10,FALSE),"") | OR8: =IFERROR(VLOOKUP($A8,'1908'!$A$3:$B$140,2,FALSE),"") -> 1 | OS8: =IFERROR(VLOOKUP($A8,'1908'!$A$3:$C$140,3,FALSE),"") -> 319.96 | OT8: =IFERROR(VLOOKUP($A8,'1908'!$A$3:$D$140,4,FALSE),"") -> 1 | OU8: =IFERROR(VLOOKUP($A8,'1908'!$A$3:$E$140,5,FALSE),"") -> 319.96 | OV8: =IFERROR(VLOOKUP($A8,'1908'!$A$3:$F$140,6,FALSE),"") -> 0 | OW8: =IFERROR(VLOOKUP($A8,'1908'!$A$3:$G$140,7,FALSE),"") -> 0 | OX8: =IFERROR(VLOOKUP($A8,'1908'!$A$3:$H$140,8,FALSE),"") -> 0 | OY8: =IFERROR(VLOOKUP($A8,'1908'!$A$3:$I$140,9,FALSE),"") -> 0 | OZ8: =IFERROR(VLOOKUP($A8,'1908'!$A$3:$J$140,10,FALSE),"") -> 0 | PA8: =IFERROR(VLOOKUP($A8,'1909'!$A$3:$B$140,2,FALSE),"") -> 0 | PB8: =IFERROR(VLOOKUP($A8,'1909'!$A$3:$C$140,3,FALSE),"") -> 0 | PC8: =IFERROR(VLOOKUP($A8,'1909'!$A$3:$D$140,4,FALSE),"") -> 0 | PD8: =IFERROR(VLOOKUP($A8,'1909'!$A$3:$E$140,5,FALSE),"") -> 0 | PE8: =IFERROR(VLOOKUP($A8,'1909'!$A$3:$F$140,6,FALSE),"") -> 0 | PF8: =IFERROR(VLOOKUP($A8,'1909'!$A$3:$G$140,7,FALSE),"") -> 0 | PG8: =IFERROR(VLOOKUP($A8,'1909'!$A$3:$H$140,8,FALSE),"") -> 0 | PH8: =IFERROR(VLOOKUP($A8,'1909'!$A$3:$I$140,9,FALSE),"") -> 0 | PI8: =IFERROR(VLOOKUP($A8,'1909'!$A$3:$J$140,10,FALSE),"") -> 0 | PJ8: =IFERROR(VLOOKUP($A8,'1910'!$A$3:$B$140,2,FALSE),"") -> 0 | PK8: =IFERROR(VLOOKUP($A8,'1910'!$A$3:$C$140,3,FALSE),"") -> 0 | PL8: =IFERROR(VLOOKUP($A8,'1910'!$A$3:$D$140,4,FALSE),"") -> 0 | PM8: =IFERROR(VLOOKUP($A8,'1910'!$A$3:$E$140,5,FALSE),"") -> 0 | PN8: =IFERROR(VLOOKUP($A8,'1910'!$A$3:$F$140,6,FALSE),"") -> 0 | PO8: =IFERROR(VLOOKUP($A8,'1910'!$A$3:$G$140,7,FALSE),"") -> 0 | PP8: =IFERROR(VLOOKUP($A8,'1910'!$A$3:$H$140,8,FALSE),"") -> 0 | PQ8: =IFERROR(VLOOKUP($A8,'1910'!$A$3:$I$140,9,FALSE),"") -> 0 | PR8: =IFERROR(VLOOKUP($A8,'1910'!$A$3:$J$140,10,FALSE),"") -> 0 | PS8: =IFERROR(VLOOKUP($A8,'1911'!$A$3:$B$140,2,FALSE),"") -> 0 | PT8: =IFERROR(VLOOKUP($A8,'1911'!$A$3:$C$140,3,FALSE),"") -> 0 | PU8: =IFERROR(VLOOKUP($A8,'1911'!$A$3:$D$140,4,FALSE),"") -> 0 | PV8: =IFERROR(VLOOKUP($A8,'1911'!$A$3:$E$140,5,FALSE),"") -> 0 | PW8: =IFERROR(VLOOKUP($A8,'1911'!$A$3:$F$140,6,FALSE),"") -> 0 | PX8: =IFERROR(VLOOKUP($A8,'1911'!$A$3:$G$140,7,FALSE),"") -> 0 | PY8: =IFERROR(VLOOKUP($A8,'1911'!$A$3:$H$140,8,FALSE),"") -> 0 | PZ8: =IFERROR(VLOOKUP($A8,'1911'!$A$3:$I$140,9,FALSE),"") -> 0 | QA8: =IFERROR(VLOOKUP($A8,'1911'!$A$3:$J$140,10,FALSE),"") -> 0 | QB8: =IFERROR(VLOOKUP($A8,'1912'!$A$3:$B$140,2,FALSE),"") -> 0 | QC8: =IFERROR(VLOOKUP($A8,'1912'!$A$3:$C$140,3,FALSE),"") -> 0 | QD8: =IFERROR(VLOOKUP($A8,'1912'!$A$3:$D$140,4,FALSE),"") -> 0 | QE8: =IFERROR(VLOOKUP($A8,'1912'!$A$3:$E$140,5,FALSE),"") -> 0 | QF8: =IFERROR(VLOOKUP($A8,'1912'!$A$3:$F$140,6,FALSE),"") -> 0 | QG8: =IFERROR(VLOOKUP($A8,'1912'!$A$3:$G$140,7,FALSE),"") -> 0 | QH8: =IFERROR(VLOOKUP($A8,'1912'!$A$3:$H$140,8,FALSE),"") -> 0 | QI8: =IFERROR(VLOOKUP($A8,'1912'!$A$3:$I$140,9,FALSE),"") -> 0 | QJ8: =IFERROR(VLOOKUP($A8,'1912'!$A$3:$J$140,10,FALSE),"") -> 0
